DATAFLOW,LAST UPDATE,freq,unit,tra_infr,geo,TIME_PERIOD,OBS_VALUE,OBS_FLAG
ESTAT:RAIL_IF_TRACKS(1.0),24/10/24 23:00:00,Annual,Kilometre,Total,Albania,2013,346,
ESTAT:RAIL_IF_TRACKS(1.0),24/10/24 23:00:00,Annual,Kilometre,Total,Albania,2014,346,
ESTAT:RAIL_IF_TRACKS(1.0),24/10/24 23:00:00,Annual,Kilometre,Total,Albania,2015,379,
ESTAT:RAIL_IF_TRACKS(1.0),24/10/24 23:00:00,Annual,Kilometre,Total,Albania,2016,334,
ESTAT:RAIL_IF_TRACKS(1.0),24/10/24 23:00:00,Annual,Kilometre,Total,Albania,2017,334,
ESTAT:RAIL_IF_TRACKS(1.0),24/10/24 23:00:00,Annual,Kilometre,Total,Albania,2018,334,
ESTAT:RAIL_IF_TRACKS(1.0),24/10/24 23:00:00,Annual,Kilometre,Total,Albania,2019,234.850,
ESTAT:RAIL_IF_TRACKS(1.0),24/10/24 23:00:00,Annual,Kilometre,Total,Albania,2020,204.150,
ESTAT:RAIL_IF_TRACKS(1.0),24/10/24 23:00:00,Annual,Kilometre,Total,Albania,2021,224,
ESTAT:RAIL_IF_TRACKS(1.0),24/10/24 23:00:00,Annual,Kilometre,Total,Albania,2022,204.150,
ESTAT:RAIL_IF_TRACKS(1.0),24/10/24 23:00:00,Annual,Kilometre,Total,Austria,2013,9708,s
ESTAT:RAIL_IF_TRACKS(1.0),24/10/24 23:00:00,Annual,Kilometre,Total,Austria,2014,9752,s
ESTAT:RAIL_IF_TRACKS(1.0),24/10/24 23:00:00,Annual,Kilometre,Total,Austria,2015,9646,s
ESTAT:RAIL_IF_TRACKS(1.0),24/10/24 23:00:00,Annual,Kilometre,Total,Austria,2016,9688,s
ESTAT:RAIL_IF_TRACKS(1.0),24/10/24 23:00:00,Annual,Kilometre,Total,Austria,2017,9782,s
ESTAT:RAIL_IF_TRACKS(1.0),24/10/24 23:00:00,Annual,Kilometre,Total,Austria,2018,9785,s
ESTAT:RAIL_IF_TRACKS(1.0),24/10/24 23:00:00,Annual,Kilometre,Total,Austria,2019,9788,s
ESTAT:RAIL_IF_TRACKS(1.0),24/10/24 23:00:00,Annual,Kilometre,Total,Austria,2020,9762,s
ESTAT:RAIL_IF_TRACKS(1.0),24/10/24 23:00:00,Annual,Kilometre,Total,Bosnia and Herzegovina,2013,1444,
ESTAT:RAIL_IF_TRACKS(1.0),24/10/24 23:00:00,Annual,Kilometre,Total,Bosnia and Herzegovina,2014,1444,
ESTAT:RAIL_IF_TRACKS(1.0),24/10/24 23:00:00,Annual,Kilometre,Total,Bosnia and Herzegovina,2015,1444,
ESTAT:RAIL_IF_TRACKS(1.0),24/10/24 23:00:00,Annual,Kilometre,Total,Bosnia and Herzegovina,2016,1410,
ESTAT:RAIL_IF_TRACKS(1.0),24/10/24 23:00:00,Annual,Kilometre,Total,Bosnia and Herzegovina,2017,1476,
ESTAT:RAIL_IF_TRACKS(1.0),24/10/24 23:00:00,Annual,Kilometre,Total,Bosnia and Herzegovina,2018,1476,
ESTAT:RAIL_IF_TRACKS(1.0),24/10/24 23:00:00,Annual,Kilometre,Total,Bosnia and Herzegovina,2019,1476,
ESTAT:RAIL_IF_TRACKS(1.0),24/10/24 23:00:00,Annual,Kilometre,Total,Bosnia and Herzegovina,2020,1476,
ESTAT:RAIL_IF_TRACKS(1.0),24/10/24 23:00:00,Annual,Kilometre,Total,Bosnia and Herzegovina,2021,1476,
ESTAT:RAIL_IF_TRACKS(1.0),24/10/24 23:00:00,Annual,Kilometre,Total,Bosnia and Herzegovina,2022,1476,
ESTAT:RAIL_IF_TRACKS(1.0),24/10/24 23:00:00,Annual,Kilometre,Total,Belgium,2013,6256,
ESTAT:RAIL_IF_TRACKS(1.0),24/10/24 23:00:00,Annual,Kilometre,Total,Belgium,2014,6250,
ESTAT:RAIL_IF_TRACKS(1.0),24/10/24 23:00:00,Annual,Kilometre,Total,Belgium,2015,6284,
ESTAT:RAIL_IF_TRACKS(1.0),24/10/24 23:00:00,Annual,Kilometre,Total,Belgium,2016,6284,
ESTAT:RAIL_IF_TRACKS(1.0),24/10/24 23:00:00,Annual,Kilometre,Total,Belgium,2017,6266,
ESTAT:RAIL_IF_TRACKS(1.0),24/10/24 23:00:00,Annual,Kilometre,Total,Belgium,2018,6301,
ESTAT:RAIL_IF_TRACKS(1.0),24/10/24 23:00:00,Annual,Kilometre,Total,Belgium,2019,6307,
ESTAT:RAIL_IF_TRACKS(1.0),24/10/24 23:00:00,Annual,Kilometre,Total,Belgium,2020,6298,
ESTAT:RAIL_IF_TRACKS(1.0),24/10/24 23:00:00,Annual,Kilometre,Total,Belgium,2021,6301,
ESTAT:RAIL_IF_TRACKS(1.0),24/10/24 23:00:00,Annual,Kilometre,Total,Belgium,2022,6308,
ESTAT:RAIL_IF_TRACKS(1.0),24/10/24 23:00:00,Annual,Kilometre,Total,Bulgaria,2013,6517,s
ESTAT:RAIL_IF_TRACKS(1.0),24/10/24 23:00:00,Annual,Kilometre,Total,Bulgaria,2014,6481,s
ESTAT:RAIL_IF_TRACKS(1.0),24/10/24 23:00:00,Annual,Kilometre,Total,Bulgaria,2015,6474,s
ESTAT:RAIL_IF_TRACKS(1.0),24/10/24 23:00:00,Annual,Kilometre,Total,Bulgaria,2016,6475,s
ESTAT:RAIL_IF_TRACKS(1.0),24/10/24 23:00:00,Annual,Kilometre,Total,Bulgaria,2017,6475,s
ESTAT:RAIL_IF_TRACKS(1.0),24/10/24 23:00:00,Annual,Kilometre,Total,Bulgaria,2018,6460,s
ESTAT:RAIL_IF_TRACKS(1.0),24/10/24 23:00:00,Annual,Kilometre,Total,Bulgaria,2019,6456,s
ESTAT:RAIL_IF_TRACKS(1.0),24/10/24 23:00:00,Annual,Kilometre,Total,Bulgaria,2020,6454,s
ESTAT:RAIL_IF_TRACKS(1.0),24/10/24 23:00:00,Annual,Kilometre,Total,Bulgaria,2021,6455,s
ESTAT:RAIL_IF_TRACKS(1.0),24/10/24 23:00:00,Annual,Kilometre,Total,Bulgaria,2022,6446,s
ESTAT:RAIL_IF_TRACKS(1.0),24/10/24 23:00:00,Annual,Kilometre,Total,Czechia,2013,15607,
ESTAT:RAIL_IF_TRACKS(1.0),24/10/24 23:00:00,Annual,Kilometre,Total,Czechia,2014,15578,
ESTAT:RAIL_IF_TRACKS(1.0),24/10/24 23:00:00,Annual,Kilometre,Total,Czechia,2015,15570,
ESTAT:RAIL_IF_TRACKS(1.0),24/10/24 23:00:00,Annual,Kilometre,Total,Czechia,2016,15539,
ESTAT:RAIL_IF_TRACKS(1.0),24/10/24 23:00:00,Annual,Kilometre,Total,Czechia,2017,15519,
ESTAT:RAIL_IF_TRACKS(1.0),24/10/24 23:00:00,Annual,Kilometre,Total,Czechia,2018,15488,
ESTAT:RAIL_IF_TRACKS(1.0),24/10/24 23:00:00,Annual,Kilometre,Total,Czechia,2019,15418,
ESTAT:RAIL_IF_TRACKS(1.0),24/10/24 23:00:00,Annual,Kilometre,Total,Czechia,2020,15360,
ESTAT:RAIL_IF_TRACKS(1.0),24/10/24 23:00:00,Annual,Kilometre,Total,Czechia,2021,15261,
ESTAT:RAIL_IF_TRACKS(1.0),24/10/24 23:00:00,Annual,Kilometre,Total,Czechia,2022,15272,
ESTAT:RAIL_IF_TRACKS(1.0),24/10/24 23:00:00,Annual,Kilometre,Total,Germany,2013,70425.160,s
ESTAT:RAIL_IF_TRACKS(1.0),24/10/24 23:00:00,Annual,Kilometre,Total,Germany,2014,70368.128,s
ESTAT:RAIL_IF_TRACKS(1.0),24/10/24 23:00:00,Annual,Kilometre,Total,Germany,2015,69886.127,s
ESTAT:RAIL_IF_TRACKS(1.0),24/10/24 23:00:00,Annual,Kilometre,Total,Germany,2016,69901.647,s
ESTAT:RAIL_IF_TRACKS(1.0),24/10/24 23:00:00,Annual,Kilometre,Total,Germany,2017,70401.059,s
ESTAT:RAIL_IF_TRACKS(1.0),24/10/24 23:00:00,Annual,Kilometre,Total,Germany,2018,70532.964,s
ESTAT:RAIL_IF_TRACKS(1.0),24/10/24 23:00:00,Annual,Kilometre,Total,Germany,2019,70741.056,s
ESTAT:RAIL_IF_TRACKS(1.0),24/10/24 23:00:00,Annual,Kilometre,Total,Germany,2020,70182.411,
ESTAT:RAIL_IF_TRACKS(1.0),24/10/24 23:00:00,Annual,Kilometre,Total,Germany,2021,70108.335,
ESTAT:RAIL_IF_TRACKS(1.0),24/10/24 23:00:00,Annual,Kilometre,Total,Germany,2022,70108.335,
ESTAT:RAIL_IF_TRACKS(1.0),24/10/24 23:00:00,Annual,Kilometre,Total,Estonia,2013,2146,
ESTAT:RAIL_IF_TRACKS(1.0),24/10/24 23:00:00,Annual,Kilometre,Total,Estonia,2014,2146,
ESTAT:RAIL_IF_TRACKS(1.0),24/10/24 23:00:00,Annual,Kilometre,Total,Estonia,2015,2144,
ESTAT:RAIL_IF_TRACKS(1.0),24/10/24 23:00:00,Annual,Kilometre,Total,Estonia,2016,2141,
ESTAT:RAIL_IF_TRACKS(1.0),24/10/24 23:00:00,Annual,Kilometre,Total,Estonia,2017,2141,
ESTAT:RAIL_IF_TRACKS(1.0),24/10/24 23:00:00,Annual,Kilometre,Total,Estonia,2018,2140,
ESTAT:RAIL_IF_TRACKS(1.0),24/10/24 23:00:00,Annual,Kilometre,Total,Estonia,2019,2144,
ESTAT:RAIL_IF_TRACKS(1.0),24/10/24 23:00:00,Annual,Kilometre,Total,Estonia,2020,2143,
ESTAT:RAIL_IF_TRACKS(1.0),24/10/24 23:00:00,Annual,Kilometre,Total,Estonia,2021,2143,
ESTAT:RAIL_IF_TRACKS(1.0),24/10/24 23:00:00,Annual,Kilometre,Total,Estonia,2022,2151,
ESTAT:RAIL_IF_TRACKS(1.0),24/10/24 23:00:00,Annual,Kilometre,Total,Greece,2013,3109,
ESTAT:RAIL_IF_TRACKS(1.0),24/10/24 23:00:00,Annual,Kilometre,Total,Greece,2014,2762,
ESTAT:RAIL_IF_TRACKS(1.0),24/10/24 23:00:00,Annual,Kilometre,Total,Greece,2015,2764,
ESTAT:RAIL_IF_TRACKS(1.0),24/10/24 23:00:00,Annual,Kilometre,Total,Greece,2016,2764,
ESTAT:RAIL_IF_TRACKS(1.0),24/10/24 23:00:00,Annual,Kilometre,Total,Greece,2017,2764,
ESTAT:RAIL_IF_TRACKS(1.0),24/10/24 23:00:00,Annual,Kilometre,Total,Greece,2018,2870,
ESTAT:RAIL_IF_TRACKS(1.0),24/10/24 23:00:00,Annual,Kilometre,Total,Greece,2019,2909,
ESTAT:RAIL_IF_TRACKS(1.0),24/10/24 23:00:00,Annual,Kilometre,Total,Greece,2020,3039,
ESTAT:RAIL_IF_TRACKS(1.0),24/10/24 23:00:00,Annual,Kilometre,Total,Greece,2021,3039,
ESTAT:RAIL_IF_TRACKS(1.0),24/10/24 23:00:00,Annual,Kilometre,Total,Greece,2022,2688,
ESTAT:RAIL_IF_TRACKS(1.0),24/10/24 23:00:00,Annual,Kilometre,Total,Spain,2013,20861,
ESTAT:RAIL_IF_TRACKS(1.0),24/10/24 23:00:00,Annual,Kilometre,Total,Spain,2014,20761,
ESTAT:RAIL_IF_TRACKS(1.0),24/10/24 23:00:00,Annual,Kilometre,Total,Spain,2015,21122,
ESTAT:RAIL_IF_TRACKS(1.0),24/10/24 23:00:00,Annual,Kilometre,Total,Spain,2016,22080,
ESTAT:RAIL_IF_TRACKS(1.0),24/10/24 23:00:00,Annual,Kilometre,Total,Spain,2017,21853,
ESTAT:RAIL_IF_TRACKS(1.0),24/10/24 23:00:00,Annual,Kilometre,Total,Spain,2018,21882,
ESTAT:RAIL_IF_TRACKS(1.0),24/10/24 23:00:00,Annual,Kilometre,Total,Spain,2019,21988.013,
ESTAT:RAIL_IF_TRACKS(1.0),24/10/24 23:00:00,Annual,Kilometre,Total,Spain,2020,22273.796,
ESTAT:RAIL_IF_TRACKS(1.0),24/10/24 23:00:00,Annual,Kilometre,Total,Spain,2021,22526.471,
ESTAT:RAIL_IF_TRACKS(1.0),24/10/24 23:00:00,Annual,Kilometre,Total,Spain,2022,22725.796,
ESTAT:RAIL_IF_TRACKS(1.0),24/10/24 23:00:00,Annual,Kilometre,Total,Finland,2013,8523,
ESTAT:RAIL_IF_TRACKS(1.0),24/10/24 23:00:00,Annual,Kilometre,Total,Finland,2014,8485,
ESTAT:RAIL_IF_TRACKS(1.0),24/10/24 23:00:00,Annual,Kilometre,Total,Finland,2015,8483,b
ESTAT:RAIL_IF_TRACKS(1.0),24/10/24 23:00:00,Annual,Kilometre,Total,Finland,2016,6701,
ESTAT:RAIL_IF_TRACKS(1.0),24/10/24 23:00:00,Annual,Kilometre,Total,Finland,2017,6708,
ESTAT:RAIL_IF_TRACKS(1.0),24/10/24 23:00:00,Annual,Kilometre,Total,Finland,2018,6712,
ESTAT:RAIL_IF_TRACKS(1.0),24/10/24 23:00:00,Annual,Kilometre,Total,Finland,2019,6712,
ESTAT:RAIL_IF_TRACKS(1.0),24/10/24 23:00:00,Annual,Kilometre,Total,Finland,2020,6707,
ESTAT:RAIL_IF_TRACKS(1.0),24/10/24 23:00:00,Annual,Kilometre,Total,Finland,2021,6707,
ESTAT:RAIL_IF_TRACKS(1.0),24/10/24 23:00:00,Annual,Kilometre,Total,Finland,2022,6728,
ESTAT:RAIL_IF_TRACKS(1.0),24/10/24 23:00:00,Annual,Kilometre,Total,France,2013,53739.875,s
ESTAT:RAIL_IF_TRACKS(1.0),24/10/24 23:00:00,Annual,Kilometre,Total,France,2014,52005.022,s
ESTAT:RAIL_IF_TRACKS(1.0),24/10/24 23:00:00,Annual,Kilometre,Total,France,2015,51074.944,s
ESTAT:RAIL_IF_TRACKS(1.0),24/10/24 23:00:00,Annual,Kilometre,Total,France,2016,50291.348,s
ESTAT:RAIL_IF_TRACKS(1.0),24/10/24 23:00:00,Annual,Kilometre,Total,France,2017,50108.371,
ESTAT:RAIL_IF_TRACKS(1.0),24/10/24 23:00:00,Annual,Kilometre,Total,France,2018,49179.410,
ESTAT:RAIL_IF_TRACKS(1.0),24/10/24 23:00:00,Annual,Kilometre,Total,France,2019,49821.511,
ESTAT:RAIL_IF_TRACKS(1.0),24/10/24 23:00:00,Annual,Kilometre,Total,France,2020,49345,
ESTAT:RAIL_IF_TRACKS(1.0),24/10/24 23:00:00,Annual,Kilometre,Total,France,2021,49188,s
ESTAT:RAIL_IF_TRACKS(1.0),24/10/24 23:00:00,Annual,Kilometre,Total,France,2022,48944,
ESTAT:RAIL_IF_TRACKS(1.0),24/10/24 23:00:00,Annual,Kilometre,Total,Georgia,2015,2505.100,
ESTAT:RAIL_IF_TRACKS(1.0),24/10/24 23:00:00,Annual,Kilometre,Total,Georgia,2016,2499.800,
ESTAT:RAIL_IF_TRACKS(1.0),24/10/24 23:00:00,Annual,Kilometre,Total,Georgia,2017,2499.800,
ESTAT:RAIL_IF_TRACKS(1.0),24/10/24 23:00:00,Annual,Kilometre,Total,Georgia,2018,2508,
ESTAT:RAIL_IF_TRACKS(1.0),24/10/24 23:00:00,Annual,Kilometre,Total,Georgia,2019,2507.100,
ESTAT:RAIL_IF_TRACKS(1.0),24/10/24 23:00:00,Annual,Kilometre,Total,Georgia,2020,2401.300,
ESTAT:RAIL_IF_TRACKS(1.0),24/10/24 23:00:00,Annual,Kilometre,Total,Georgia,2021,2401.300,
ESTAT:RAIL_IF_TRACKS(1.0),24/10/24 23:00:00,Annual,Kilometre,Total,Georgia,2022,2401.300,
ESTAT:RAIL_IF_TRACKS(1.0),24/10/24 23:00:00,Annual,Kilometre,Total,Croatia,2013,4090,
ESTAT:RAIL_IF_TRACKS(1.0),24/10/24 23:00:00,Annual,Kilometre,Total,Croatia,2014,4014,
ESTAT:RAIL_IF_TRACKS(1.0),24/10/24 23:00:00,Annual,Kilometre,Total,Croatia,2015,3968,
ESTAT:RAIL_IF_TRACKS(1.0),24/10/24 23:00:00,Annual,Kilometre,Total,Croatia,2016,3950,
ESTAT:RAIL_IF_TRACKS(1.0),24/10/24 23:00:00,Annual,Kilometre,Total,Croatia,2017,3942,
ESTAT:RAIL_IF_TRACKS(1.0),24/10/24 23:00:00,Annual,Kilometre,Total,Croatia,2018,3940,
ESTAT:RAIL_IF_TRACKS(1.0),24/10/24 23:00:00,Annual,Kilometre,Total,Croatia,2019,3945,
ESTAT:RAIL_IF_TRACKS(1.0),24/10/24 23:00:00,Annual,Kilometre,Total,Croatia,2020,3950,
ESTAT:RAIL_IF_TRACKS(1.0),24/10/24 23:00:00,Annual,Kilometre,Total,Croatia,2021,3944,
ESTAT:RAIL_IF_TRACKS(1.0),24/10/24 23:00:00,Annual,Kilometre,Total,Croatia,2022,3928,
ESTAT:RAIL_IF_TRACKS(1.0),24/10/24 23:00:00,Annual,Kilometre,Total,Hungary,2013,9523.200,
ESTAT:RAIL_IF_TRACKS(1.0),24/10/24 23:00:00,Annual,Kilometre,Total,Hungary,2014,9359,
ESTAT:RAIL_IF_TRACKS(1.0),24/10/24 23:00:00,Annual,Kilometre,Total,Hungary,2015,9358,
ESTAT:RAIL_IF_TRACKS(1.0),24/10/24 23:00:00,Annual,Kilometre,Total,Hungary,2016,11424,
ESTAT:RAIL_IF_TRACKS(1.0),24/10/24 23:00:00,Annual,Kilometre,Total,Hungary,2017,11524,
ESTAT:RAIL_IF_TRACKS(1.0),24/10/24 23:00:00,Annual,Kilometre,Total,Hungary,2018,11336,
ESTAT:RAIL_IF_TRACKS(1.0),24/10/24 23:00:00,Annual,Kilometre,Total,Hungary,2019,11345,
ESTAT:RAIL_IF_TRACKS(1.0),24/10/24 23:00:00,Annual,Kilometre,Total,Hungary,2020,11393,
ESTAT:RAIL_IF_TRACKS(1.0),24/10/24 23:00:00,Annual,Kilometre,Total,Hungary,2021,11586,
ESTAT:RAIL_IF_TRACKS(1.0),24/10/24 23:00:00,Annual,Kilometre,Total,Hungary,2022,11603,
ESTAT:RAIL_IF_TRACKS(1.0),24/10/24 23:00:00,Annual,Kilometre,Total,Ireland,2019,2426,
ESTAT:RAIL_IF_TRACKS(1.0),24/10/24 23:00:00,Annual,Kilometre,Total,Ireland,2020,2426,
ESTAT:RAIL_IF_TRACKS(1.0),24/10/24 23:00:00,Annual,Kilometre,Total,Ireland,2021,2426,
ESTAT:RAIL_IF_TRACKS(1.0),24/10/24 23:00:00,Annual,Kilometre,Total,Ireland,2022,2426,
ESTAT:RAIL_IF_TRACKS(1.0),24/10/24 23:00:00,Annual,Kilometre,Total,Italy,2013,24292,
ESTAT:RAIL_IF_TRACKS(1.0),24/10/24 23:00:00,Annual,Kilometre,Total,Italy,2014,24278,
ESTAT:RAIL_IF_TRACKS(1.0),24/10/24 23:00:00,Annual,Kilometre,Total,Italy,2015,24286,
ESTAT:RAIL_IF_TRACKS(1.0),24/10/24 23:00:00,Annual,Kilometre,Total,Italy,2016,24435,
ESTAT:RAIL_IF_TRACKS(1.0),24/10/24 23:00:00,Annual,Kilometre,Total,Italy,2017,24483,
ESTAT:RAIL_IF_TRACKS(1.0),24/10/24 23:00:00,Annual,Kilometre,Total,Italy,2018,24502,
ESTAT:RAIL_IF_TRACKS(1.0),24/10/24 23:00:00,Annual,Kilometre,Total,Italy,2019,24500,
ESTAT:RAIL_IF_TRACKS(1.0),24/10/24 23:00:00,Annual,Kilometre,Total,Italy,2020,24515,
ESTAT:RAIL_IF_TRACKS(1.0),24/10/24 23:00:00,Annual,Kilometre,Total,Italy,2021,24564,
ESTAT:RAIL_IF_TRACKS(1.0),24/10/24 23:00:00,Annual,Kilometre,Total,Italy,2022,24560,
ESTAT:RAIL_IF_TRACKS(1.0),24/10/24 23:00:00,Annual,Kilometre,Total,Lithuania,2013,2188.700,
ESTAT:RAIL_IF_TRACKS(1.0),24/10/24 23:00:00,Annual,Kilometre,Total,Lithuania,2014,2188.500,
ESTAT:RAIL_IF_TRACKS(1.0),24/10/24 23:00:00,Annual,Kilometre,Total,Lithuania,2015,2335.500,
ESTAT:RAIL_IF_TRACKS(1.0),24/10/24 23:00:00,Annual,Kilometre,Total,Lithuania,2016,2335.700,
ESTAT:RAIL_IF_TRACKS(1.0),24/10/24 23:00:00,Annual,Kilometre,Total,Lithuania,2017,2335.700,
ESTAT:RAIL_IF_TRACKS(1.0),24/10/24 23:00:00,Annual,Kilometre,Total,Lithuania,2018,2335.100,
ESTAT:RAIL_IF_TRACKS(1.0),24/10/24 23:00:00,Annual,Kilometre,Total,Lithuania,2019,2345.900,
ESTAT:RAIL_IF_TRACKS(1.0),24/10/24 23:00:00,Annual,Kilometre,Total,Lithuania,2020,2346,
ESTAT:RAIL_IF_TRACKS(1.0),24/10/24 23:00:00,Annual,Kilometre,Total,Lithuania,2021,2346,
ESTAT:RAIL_IF_TRACKS(1.0),24/10/24 23:00:00,Annual,Kilometre,Total,Lithuania,2022,3462.700,
ESTAT:RAIL_IF_TRACKS(1.0),24/10/24 23:00:00,Annual,Kilometre,Total,Luxembourg,2013,621,
ESTAT:RAIL_IF_TRACKS(1.0),24/10/24 23:00:00,Annual,Kilometre,Total,Luxembourg,2014,621,
ESTAT:RAIL_IF_TRACKS(1.0),24/10/24 23:00:00,Annual,Kilometre,Total,Luxembourg,2015,626,
ESTAT:RAIL_IF_TRACKS(1.0),24/10/24 23:00:00,Annual,Kilometre,Total,Luxembourg,2016,626,
ESTAT:RAIL_IF_TRACKS(1.0),24/10/24 23:00:00,Annual,Kilometre,Total,Luxembourg,2017,622,
ESTAT:RAIL_IF_TRACKS(1.0),24/10/24 23:00:00,Annual,Kilometre,Total,Luxembourg,2018,622,
ESTAT:RAIL_IF_TRACKS(1.0),24/10/24 23:00:00,Annual,Kilometre,Total,Luxembourg,2019,628,
ESTAT:RAIL_IF_TRACKS(1.0),24/10/24 23:00:00,Annual,Kilometre,Total,Luxembourg,2020,628,
ESTAT:RAIL_IF_TRACKS(1.0),24/10/24 23:00:00,Annual,Kilometre,Total,Luxembourg,2021,628,
ESTAT:RAIL_IF_TRACKS(1.0),24/10/24 23:00:00,Annual,Kilometre,Total,Luxembourg,2022,628,
ESTAT:RAIL_IF_TRACKS(1.0),24/10/24 23:00:00,Annual,Kilometre,Total,Latvia,2013,2161,
ESTAT:RAIL_IF_TRACKS(1.0),24/10/24 23:00:00,Annual,Kilometre,Total,Latvia,2014,2214,
ESTAT:RAIL_IF_TRACKS(1.0),24/10/24 23:00:00,Annual,Kilometre,Total,Latvia,2015,2217,
ESTAT:RAIL_IF_TRACKS(1.0),24/10/24 23:00:00,Annual,Kilometre,Total,Latvia,2016,2217,
ESTAT:RAIL_IF_TRACKS(1.0),24/10/24 23:00:00,Annual,Kilometre,Total,Latvia,2017,2217,
ESTAT:RAIL_IF_TRACKS(1.0),24/10/24 23:00:00,Annual,Kilometre,Total,Latvia,2018,2217,
ESTAT:RAIL_IF_TRACKS(1.0),24/10/24 23:00:00,Annual,Kilometre,Total,Latvia,2019,2217,
ESTAT:RAIL_IF_TRACKS(1.0),24/10/24 23:00:00,Annual,Kilometre,Total,Latvia,2020,2216.100,
ESTAT:RAIL_IF_TRACKS(1.0),24/10/24 23:00:00,Annual,Kilometre,Total,Latvia,2021,2213.100,
ESTAT:RAIL_IF_TRACKS(1.0),24/10/24 23:00:00,Annual,Kilometre,Total,Latvia,2022,2213,
ESTAT:RAIL_IF_TRACKS(1.0),24/10/24 23:00:00,Annual,Kilometre,Total,Moldova,2013,2020,
ESTAT:RAIL_IF_TRACKS(1.0),24/10/24 23:00:00,Annual,Kilometre,Total,Moldova,2014,2015.100,
ESTAT:RAIL_IF_TRACKS(1.0),24/10/24 23:00:00,Annual,Kilometre,Total,Moldova,2015,2006.900,
ESTAT:RAIL_IF_TRACKS(1.0),24/10/24 23:00:00,Annual,Kilometre,Total,Moldova,2016,2006,
ESTAT:RAIL_IF_TRACKS(1.0),24/10/24 23:00:00,Annual,Kilometre,Total,Moldova,2017,2006.300,
ESTAT:RAIL_IF_TRACKS(1.0),24/10/24 23:00:00,Annual,Kilometre,Total,Moldova,2018,2001.300,
ESTAT:RAIL_IF_TRACKS(1.0),24/10/24 23:00:00,Annual,Kilometre,Total,Moldova,2019,1997.800,
ESTAT:RAIL_IF_TRACKS(1.0),24/10/24 23:00:00,Annual,Kilometre,Total,Moldova,2020,1997.100,
ESTAT:RAIL_IF_TRACKS(1.0),24/10/24 23:00:00,Annual,Kilometre,Total,Moldova,2021,1996.700,
ESTAT:RAIL_IF_TRACKS(1.0),24/10/24 23:00:00,Annual,Kilometre,Total,Moldova,2022,1997.100,
ESTAT:RAIL_IF_TRACKS(1.0),24/10/24 23:00:00,Annual,Kilometre,Total,Montenegro,2013,325.970,s
ESTAT:RAIL_IF_TRACKS(1.0),24/10/24 23:00:00,Annual,Kilometre,Total,Montenegro,2014,326,s
ESTAT:RAIL_IF_TRACKS(1.0),24/10/24 23:00:00,Annual,Kilometre,Total,Montenegro,2015,326,s
ESTAT:RAIL_IF_TRACKS(1.0),24/10/24 23:00:00,Annual,Kilometre,Total,Montenegro,2016,328,
ESTAT:RAIL_IF_TRACKS(1.0),24/10/24 23:00:00,Annual,Kilometre,Total,Montenegro,2017,328,
ESTAT:RAIL_IF_TRACKS(1.0),24/10/24 23:00:00,Annual,Kilometre,Total,Montenegro,2018,328,
ESTAT:RAIL_IF_TRACKS(1.0),24/10/24 23:00:00,Annual,Kilometre,Total,Montenegro,2019,328,
ESTAT:RAIL_IF_TRACKS(1.0),24/10/24 23:00:00,Annual,Kilometre,Total,Montenegro,2020,327.700,
ESTAT:RAIL_IF_TRACKS(1.0),24/10/24 23:00:00,Annual,Kilometre,Total,Montenegro,2021,327.700,
ESTAT:RAIL_IF_TRACKS(1.0),24/10/24 23:00:00,Annual,Kilometre,Total,Montenegro,2022,327.700,
ESTAT:RAIL_IF_TRACKS(1.0),24/10/24 23:00:00,Annual,Kilometre,Total,North Macedonia,2013,923,
ESTAT:RAIL_IF_TRACKS(1.0),24/10/24 23:00:00,Annual,Kilometre,Total,North Macedonia,2014,923,
ESTAT:RAIL_IF_TRACKS(1.0),24/10/24 23:00:00,Annual,Kilometre,Total,North Macedonia,2015,923,
ESTAT:RAIL_IF_TRACKS(1.0),24/10/24 23:00:00,Annual,Kilometre,Total,North Macedonia,2016,907,
ESTAT:RAIL_IF_TRACKS(1.0),24/10/24 23:00:00,Annual,Kilometre,Total,North Macedonia,2017,907,
ESTAT:RAIL_IF_TRACKS(1.0),24/10/24 23:00:00,Annual,Kilometre,Total,North Macedonia,2018,907,
ESTAT:RAIL_IF_TRACKS(1.0),24/10/24 23:00:00,Annual,Kilometre,Total,North Macedonia,2019,907,
ESTAT:RAIL_IF_TRACKS(1.0),24/10/24 23:00:00,Annual,Kilometre,Total,North Macedonia,2020,907,
ESTAT:RAIL_IF_TRACKS(1.0),24/10/24 23:00:00,Annual,Kilometre,Total,North Macedonia,2021,907,
ESTAT:RAIL_IF_TRACKS(1.0),24/10/24 23:00:00,Annual,Kilometre,Total,North Macedonia,2022,907,
ESTAT:RAIL_IF_TRACKS(1.0),24/10/24 23:00:00,Annual,Kilometre,Total,Netherlands,2013,5102,
ESTAT:RAIL_IF_TRACKS(1.0),24/10/24 23:00:00,Annual,Kilometre,Total,Netherlands,2014,5164,
ESTAT:RAIL_IF_TRACKS(1.0),24/10/24 23:00:00,Annual,Kilometre,Total,Netherlands,2015,5157,
ESTAT:RAIL_IF_TRACKS(1.0),24/10/24 23:00:00,Annual,Kilometre,Total,Netherlands,2016,5231,
ESTAT:RAIL_IF_TRACKS(1.0),24/10/24 23:00:00,Annual,Kilometre,Total,Netherlands,2017,5230,
ESTAT:RAIL_IF_TRACKS(1.0),24/10/24 23:00:00,Annual,Kilometre,Total,Netherlands,2018,5180,
ESTAT:RAIL_IF_TRACKS(1.0),24/10/24 23:00:00,Annual,Kilometre,Total,Netherlands,2019,5180,
ESTAT:RAIL_IF_TRACKS(1.0),24/10/24 23:00:00,Annual,Kilometre,Total,Netherlands,2020,5186,
ESTAT:RAIL_IF_TRACKS(1.0),24/10/24 23:00:00,Annual,Kilometre,Total,Netherlands,2021,5185,
ESTAT:RAIL_IF_TRACKS(1.0),24/10/24 23:00:00,Annual,Kilometre,Total,Netherlands,2022,5187,
ESTAT:RAIL_IF_TRACKS(1.0),24/10/24 23:00:00,Annual,Kilometre,Total,Norway,2013,4143,
ESTAT:RAIL_IF_TRACKS(1.0),24/10/24 23:00:00,Annual,Kilometre,Total,Norway,2014,4152,
ESTAT:RAIL_IF_TRACKS(1.0),24/10/24 23:00:00,Annual,Kilometre,Total,Norway,2015,4152,
ESTAT:RAIL_IF_TRACKS(1.0),24/10/24 23:00:00,Annual,Kilometre,Total,Norway,2016,4164,
ESTAT:RAIL_IF_TRACKS(1.0),24/10/24 23:00:00,Annual,Kilometre,Total,Norway,2017,4208,
ESTAT:RAIL_IF_TRACKS(1.0),24/10/24 23:00:00,Annual,Kilometre,Total,Norway,2018,4177,
ESTAT:RAIL_IF_TRACKS(1.0),24/10/24 23:00:00,Annual,Kilometre,Total,Norway,2019,4180,
ESTAT:RAIL_IF_TRACKS(1.0),24/10/24 23:00:00,Annual,Kilometre,Total,Norway,2020,4196,
ESTAT:RAIL_IF_TRACKS(1.0),24/10/24 23:00:00,Annual,Kilometre,Total,Norway,2021,4196,
ESTAT:RAIL_IF_TRACKS(1.0),24/10/24 23:00:00,Annual,Kilometre,Total,Norway,2022,4240,
ESTAT:RAIL_IF_TRACKS(1.0),24/10/24 23:00:00,Annual,Kilometre,Total,Poland,2013,36939,
ESTAT:RAIL_IF_TRACKS(1.0),24/10/24 23:00:00,Annual,Kilometre,Total,Poland,2014,37455,
ESTAT:RAIL_IF_TRACKS(1.0),24/10/24 23:00:00,Annual,Kilometre,Total,Poland,2015,37572,
ESTAT:RAIL_IF_TRACKS(1.0),24/10/24 23:00:00,Annual,Kilometre,Total,Poland,2016,37386,
ESTAT:RAIL_IF_TRACKS(1.0),24/10/24 23:00:00,Annual,Kilometre,Total,Poland,2017,37195,
ESTAT:RAIL_IF_TRACKS(1.0),24/10/24 23:00:00,Annual,Kilometre,Total,Poland,2018,37020,
ESTAT:RAIL_IF_TRACKS(1.0),24/10/24 23:00:00,Annual,Kilometre,Total,Poland,2019,37250,
ESTAT:RAIL_IF_TRACKS(1.0),24/10/24 23:00:00,Annual,Kilometre,Total,Poland,2020,37269,
ESTAT:RAIL_IF_TRACKS(1.0),24/10/24 23:00:00,Annual,Kilometre,Total,Poland,2021,37474,
ESTAT:RAIL_IF_TRACKS(1.0),24/10/24 23:00:00,Annual,Kilometre,Total,Poland,2022,37786,
ESTAT:RAIL_IF_TRACKS(1.0),24/10/24 23:00:00,Annual,Kilometre,Total,Portugal,2013,3242.200,
ESTAT:RAIL_IF_TRACKS(1.0),24/10/24 23:00:00,Annual,Kilometre,Total,Portugal,2014,3244.100,
ESTAT:RAIL_IF_TRACKS(1.0),24/10/24 23:00:00,Annual,Kilometre,Total,Portugal,2015,3244.100,
ESTAT:RAIL_IF_TRACKS(1.0),24/10/24 23:00:00,Annual,Kilometre,Total,Portugal,2016,3244.100,
ESTAT:RAIL_IF_TRACKS(1.0),24/10/24 23:00:00,Annual,Kilometre,Total,Portugal,2017,3244.100,
ESTAT:RAIL_IF_TRACKS(1.0),24/10/24 23:00:00,Annual,Kilometre,Total,Portugal,2018,3244.100,
ESTAT:RAIL_IF_TRACKS(1.0),24/10/24 23:00:00,Annual,Kilometre,Total,Portugal,2019,3224.190,
ESTAT:RAIL_IF_TRACKS(1.0),24/10/24 23:00:00,Annual,Kilometre,Total,Portugal,2020,3224.190,
ESTAT:RAIL_IF_TRACKS(1.0),24/10/24 23:00:00,Annual,Kilometre,Total,Portugal,2021,3225.111,
ESTAT:RAIL_IF_TRACKS(1.0),24/10/24 23:00:00,Annual,Kilometre,Total,Portugal,2022,3225.111,
ESTAT:RAIL_IF_TRACKS(1.0),24/10/24 23:00:00,Annual,Kilometre,Total,Romania,2013,20284,
ESTAT:RAIL_IF_TRACKS(1.0),24/10/24 23:00:00,Annual,Kilometre,Total,Romania,2014,20241,
ESTAT:RAIL_IF_TRACKS(1.0),24/10/24 23:00:00,Annual,Kilometre,Total,Romania,2015,20155,
ESTAT:RAIL_IF_TRACKS(1.0),24/10/24 23:00:00,Annual,Kilometre,Total,Romania,2016,20157,
ESTAT:RAIL_IF_TRACKS(1.0),24/10/24 23:00:00,Annual,Kilometre,Total,Romania,2017,20144,
ESTAT:RAIL_IF_TRACKS(1.0),24/10/24 23:00:00,Annual,Kilometre,Total,Romania,2018,20104,
ESTAT:RAIL_IF_TRACKS(1.0),24/10/24 23:00:00,Annual,Kilometre,Total,Romania,2019,20079,
ESTAT:RAIL_IF_TRACKS(1.0),24/10/24 23:00:00,Annual,Kilometre,Total,Romania,2020,20071,
ESTAT:RAIL_IF_TRACKS(1.0),24/10/24 23:00:00,Annual,Kilometre,Total,Romania,2021,20065,
ESTAT:RAIL_IF_TRACKS(1.0),24/10/24 23:00:00,Annual,Kilometre,Total,Romania,2022,19629,
ESTAT:RAIL_IF_TRACKS(1.0),24/10/24 23:00:00,Annual,Kilometre,Total,Serbia,2013,5541,
ESTAT:RAIL_IF_TRACKS(1.0),24/10/24 23:00:00,Annual,Kilometre,Total,Serbia,2014,5477,
ESTAT:RAIL_IF_TRACKS(1.0),24/10/24 23:00:00,Annual,Kilometre,Total,Serbia,2015,5392,
ESTAT:RAIL_IF_TRACKS(1.0),24/10/24 23:00:00,Annual,Kilometre,Total,Serbia,2016,5392,
ESTAT:RAIL_IF_TRACKS(1.0),24/10/24 23:00:00,Annual,Kilometre,Total,Serbia,2017,5374,
ESTAT:RAIL_IF_TRACKS(1.0),24/10/24 23:00:00,Annual,Kilometre,Total,Serbia,2018,5374,
ESTAT:RAIL_IF_TRACKS(1.0),24/10/24 23:00:00,Annual,Kilometre,Total,Serbia,2019,5331,
ESTAT:RAIL_IF_TRACKS(1.0),24/10/24 23:00:00,Annual,Kilometre,Total,Serbia,2020,4927,
ESTAT:RAIL_IF_TRACKS(1.0),24/10/24 23:00:00,Annual,Kilometre,Total,Serbia,2021,4929,
ESTAT:RAIL_IF_TRACKS(1.0),24/10/24 23:00:00,Annual,Kilometre,Total,Serbia,2022,4995,
ESTAT:RAIL_IF_TRACKS(1.0),24/10/24 23:00:00,Annual,Kilometre,Total,Sweden,2013,15468,
ESTAT:RAIL_IF_TRACKS(1.0),24/10/24 23:00:00,Annual,Kilometre,Total,Sweden,2014,15370,
ESTAT:RAIL_IF_TRACKS(1.0),24/10/24 23:00:00,Annual,Kilometre,Total,Sweden,2015,15424,
ESTAT:RAIL_IF_TRACKS(1.0),24/10/24 23:00:00,Annual,Kilometre,Total,Sweden,2016,15459,
ESTAT:RAIL_IF_TRACKS(1.0),24/10/24 23:00:00,Annual,Kilometre,Total,Sweden,2017,15568,
ESTAT:RAIL_IF_TRACKS(1.0),24/10/24 23:00:00,Annual,Kilometre,Total,Sweden,2018,15571,
ESTAT:RAIL_IF_TRACKS(1.0),24/10/24 23:00:00,Annual,Kilometre,Total,Sweden,2019,15542,
ESTAT:RAIL_IF_TRACKS(1.0),24/10/24 23:00:00,Annual,Kilometre,Total,Sweden,2020,15557,
ESTAT:RAIL_IF_TRACKS(1.0),24/10/24 23:00:00,Annual,Kilometre,Total,Sweden,2021,15543,
ESTAT:RAIL_IF_TRACKS(1.0),24/10/24 23:00:00,Annual,Kilometre,Total,Sweden,2022,15545,
ESTAT:RAIL_IF_TRACKS(1.0),24/10/24 23:00:00,Annual,Kilometre,Total,Slovenia,2013,2178,
ESTAT:RAIL_IF_TRACKS(1.0),24/10/24 23:00:00,Annual,Kilometre,Total,Slovenia,2014,2178,
ESTAT:RAIL_IF_TRACKS(1.0),24/10/24 23:00:00,Annual,Kilometre,Total,Slovenia,2015,2178,
ESTAT:RAIL_IF_TRACKS(1.0),24/10/24 23:00:00,Annual,Kilometre,Total,Slovenia,2016,2178,
ESTAT:RAIL_IF_TRACKS(1.0),24/10/24 23:00:00,Annual,Kilometre,Total,Slovenia,2017,2178,
ESTAT:RAIL_IF_TRACKS(1.0),24/10/24 23:00:00,Annual,Kilometre,Total,Slovenia,2018,2178,
ESTAT:RAIL_IF_TRACKS(1.0),24/10/24 23:00:00,Annual,Kilometre,Total,Slovenia,2019,2178,
ESTAT:RAIL_IF_TRACKS(1.0),24/10/24 23:00:00,Annual,Kilometre,Total,Slovenia,2020,2178,
ESTAT:RAIL_IF_TRACKS(1.0),24/10/24 23:00:00,Annual,Kilometre,Total,Slovenia,2021,2178,
ESTAT:RAIL_IF_TRACKS(1.0),24/10/24 23:00:00,Annual,Kilometre,Total,Slovenia,2022,2169,
ESTAT:RAIL_IF_TRACKS(1.0),24/10/24 23:00:00,Annual,Kilometre,Total,Türkiye,2013,11617,
ESTAT:RAIL_IF_TRACKS(1.0),24/10/24 23:00:00,Annual,Kilometre,Total,Türkiye,2014,12053,
ESTAT:RAIL_IF_TRACKS(1.0),24/10/24 23:00:00,Annual,Kilometre,Total,Türkiye,2015,12099,
ESTAT:RAIL_IF_TRACKS(1.0),24/10/24 23:00:00,Annual,Kilometre,Total,Türkiye,2016,12099,
ESTAT:RAIL_IF_TRACKS(1.0),24/10/24 23:00:00,Annual,Kilometre,Total,Türkiye,2017,12175,
ESTAT:RAIL_IF_TRACKS(1.0),24/10/24 23:00:00,Annual,Kilometre,Total,Türkiye,2018,12307,
ESTAT:RAIL_IF_TRACKS(1.0),24/10/24 23:00:00,Annual,Kilometre,Total,Türkiye,2019,12370,
ESTAT:RAIL_IF_TRACKS(1.0),24/10/24 23:00:00,Annual,Kilometre,Total,Türkiye,2020,12803,s
ESTAT:RAIL_IF_TRACKS(1.0),24/10/24 23:00:00,Annual,Kilometre,Total,Türkiye,2021,13022,s
ESTAT:RAIL_IF_TRACKS(1.0),24/10/24 23:00:00,Annual,Kilometre,Total,United Kingdom,2013,31781,
ESTAT:RAIL_IF_TRACKS(1.0),24/10/24 23:00:00,Annual,Kilometre,Total,United Kingdom,2014,31809,
ESTAT:RAIL_IF_TRACKS(1.0),24/10/24 23:00:00,Annual,Kilometre,Total,United Kingdom,2015,31883,
ESTAT:RAIL_IF_TRACKS(1.0),24/10/24 23:00:00,Annual,Kilometre,Total,United Kingdom,2016,31910,
ESTAT:RAIL_IF_TRACKS(1.0),24/10/24 23:00:00,Annual,Kilometre,Total,United Kingdom,2017,31727,
ESTAT:RAIL_IF_TRACKS(1.0),24/10/24 23:00:00,Annual,Kilometre,Total,United Kingdom,2018,31780,
ESTAT:RAIL_IF_TRACKS(1.0),24/10/24 23:00:00,Annual,Kilometre,Total,United Kingdom,2019,31907,
ESTAT:RAIL_IF_TRACKS(1.0),24/10/24 23:00:00,Annual,Kilometre,Total,United Kingdom,2020,31940,
ESTAT:RAIL_IF_TRACKS(1.0),24/10/24 23:00:00,Annual,Kilometre,Total,United Kingdom,2021,31898,
ESTAT:RAIL_IF_TRACKS(1.0),24/10/24 23:00:00,Annual,Kilometre,Total,United Kingdom,2022,31892,
ESTAT:RAIL_IF_TRACKS(1.0),24/10/24 23:00:00,Annual,Kilometre,Total,Kosovo*,2017,440,
ESTAT:RAIL_IF_TRACKS(1.0),24/10/24 23:00:00,Annual,Kilometre,Total,Kosovo*,2018,440,
ESTAT:RAIL_IF_TRACKS(1.0),24/10/24 23:00:00,Annual,Kilometre,Total,Kosovo*,2019,440,
ESTAT:RAIL_IF_TRACKS(1.0),24/10/24 23:00:00,Annual,Kilometre,Total,Kosovo*,2020,440,
ESTAT:RAIL_IF_TRACKS(1.0),24/10/24 23:00:00,Annual,Kilometre,Total,Kosovo*,2021,440,
ESTAT:RAIL_IF_TRACKS(1.0),24/10/24 23:00:00,Annual,Kilometre,Total,Kosovo*,2022,440,
