DATAFLOW;LAST UPDATE;freq;unit;tra_infr;geo;TIME_PERIOD;OBS_VALUE;OBS_FLAG;YEAR;MONTH;OBS_VALUE x2;DcM;RANK
ESTAT:RAIL_IF_TRACKS(1.0);2024-10-24 23:00:00;Annual;Kilometre;Total;Albania;2013;346.0;;2024;10;692.0;mało;30.0
ESTAT:RAIL_IF_TRACKS(1.0);2024-10-24 23:00:00;Annual;Kilometre;Total;Belgium;2013;6256.0;;2024;10;12512.0;mało;15.0
ESTAT:RAIL_IF_TRACKS(1.0);2024-10-24 23:00:00;Annual;Kilometre;Total;Poland;2013;36939.0;;2024;10;73878.0;dużo;3.0
ESTAT:RAIL_IF_TRACKS(1.0);2024-10-24 23:00:00;Annual;Kilometre;Total;Norway;2013;4143.0;;2024;10;8286.0;mało;18.0
ESTAT:RAIL_IF_TRACKS(1.0);2024-10-24 23:00:00;Annual;Kilometre;Total;Netherlands;2013;5102.0;;2024;10;10204.0;mało;17.0
ESTAT:RAIL_IF_TRACKS(1.0);2024-10-24 23:00:00;Annual;Kilometre;Total;Bulgaria;2013;6517.0;s;2024;10;13034.0;mało;14.0
ESTAT:RAIL_IF_TRACKS(1.0);2024-10-24 23:00:00;Annual;Kilometre;Total;North Macedonia;2013;923.0;;2024;10;1846.0;mało;28.0
ESTAT:RAIL_IF_TRACKS(1.0);2024-10-24 23:00:00;Annual;Kilometre;Total;Montenegro;2013;325.97;s;2024;10;651.94;mało;31.0
ESTAT:RAIL_IF_TRACKS(1.0);2024-10-24 23:00:00;Annual;Kilometre;Total;Czechia;2013;15607.0;;2024;10;31214.0;dużo;8.0
ESTAT:RAIL_IF_TRACKS(1.0);2024-10-24 23:00:00;Annual;Kilometre;Total;Moldova;2013;2020.0;;2024;10;4040.0;mało;26.0
ESTAT:RAIL_IF_TRACKS(1.0);2024-10-24 23:00:00;Annual;Kilometre;Total;Portugal;2013;3242.2;;2024;10;6484.4;mało;20.0
ESTAT:RAIL_IF_TRACKS(1.0);2024-10-24 23:00:00;Annual;Kilometre;Total;Latvia;2013;2161.0;;2024;10;4322.0;mało;24.0
ESTAT:RAIL_IF_TRACKS(1.0);2024-10-24 23:00:00;Annual;Kilometre;Total;Germany;2013;70425.16;s;2024;10;140850.32;dużo;1.0
ESTAT:RAIL_IF_TRACKS(1.0);2024-10-24 23:00:00;Annual;Kilometre;Total;Lithuania;2013;2188.7;;2024;10;4377.4;mało;22.0
ESTAT:RAIL_IF_TRACKS(1.0);2024-10-24 23:00:00;Annual;Kilometre;Total;Italy;2013;24292.0;;2024;10;48584.0;dużo;5.0
ESTAT:RAIL_IF_TRACKS(1.0);2024-10-24 23:00:00;Annual;Kilometre;Total;Hungary;2013;9523.2;;2024;10;19046.4;dużo;12.0
ESTAT:RAIL_IF_TRACKS(1.0);2024-10-24 23:00:00;Annual;Kilometre;Total;Estonia;2013;2146.0;;2024;10;4292.0;mało;25.0
ESTAT:RAIL_IF_TRACKS(1.0);2024-10-24 23:00:00;Annual;Kilometre;Total;Croatia;2013;4090.0;;2024;10;8180.0;mało;19.0
ESTAT:RAIL_IF_TRACKS(1.0);2024-10-24 23:00:00;Annual;Kilometre;Total;France;2013;53739.875;s;2024;10;107479.75;dużo;2.0
ESTAT:RAIL_IF_TRACKS(1.0);2024-10-24 23:00:00;Annual;Kilometre;Total;Greece;2013;3109.0;;2024;10;6218.0;mało;21.0
ESTAT:RAIL_IF_TRACKS(1.0);2024-10-24 23:00:00;Annual;Kilometre;Total;Finland;2013;8523.0;;2024;10;17046.0;dużo;13.0
ESTAT:RAIL_IF_TRACKS(1.0);2024-10-24 23:00:00;Annual;Kilometre;Total;Luxembourg;2013;621.0;;2024;10;1242.0;mało;29.0
ESTAT:RAIL_IF_TRACKS(1.0);2024-10-24 23:00:00;Annual;Kilometre;Total;Romania;2013;20284.0;;2024;10;40568.0;dużo;7.0
ESTAT:RAIL_IF_TRACKS(1.0);2024-10-24 23:00:00;Annual;Kilometre;Total;Spain;2013;20861.0;;2024;10;41722.0;dużo;6.0
ESTAT:RAIL_IF_TRACKS(1.0);2024-10-24 23:00:00;Annual;Kilometre;Total;Serbia;2013;5541.0;;2024;10;11082.0;mało;16.0
ESTAT:RAIL_IF_TRACKS(1.0);2024-10-24 23:00:00;Annual;Kilometre;Total;Austria;2013;9708.0;s;2024;10;19416.0;dużo;11.0
ESTAT:RAIL_IF_TRACKS(1.0);2024-10-24 23:00:00;Annual;Kilometre;Total;Sweden;2013;15468.0;;2024;10;30936.0;dużo;9.0
ESTAT:RAIL_IF_TRACKS(1.0);2024-10-24 23:00:00;Annual;Kilometre;Total;United Kingdom;2013;31781.0;;2024;10;63562.0;dużo;4.0
ESTAT:RAIL_IF_TRACKS(1.0);2024-10-24 23:00:00;Annual;Kilometre;Total;Bosnia and Herzegovina;2013;1444.0;;2024;10;2888.0;mało;27.0
ESTAT:RAIL_IF_TRACKS(1.0);2024-10-24 23:00:00;Annual;Kilometre;Total;Slovenia;2013;2178.0;;2024;10;4356.0;mało;23.0
ESTAT:RAIL_IF_TRACKS(1.0);2024-10-24 23:00:00;Annual;Kilometre;Total;Türkiye;2013;11617.0;;2024;10;23234.0;dużo;10.0
ESTAT:RAIL_IF_TRACKS(1.0);2024-10-24 23:00:00;Annual;Kilometre;Total;Austria;2014;9752.0;s;2024;10;19504.0;dużo;11.0
ESTAT:RAIL_IF_TRACKS(1.0);2024-10-24 23:00:00;Annual;Kilometre;Total;Latvia;2014;2214.0;;2024;10;4428.0;mało;22.0
ESTAT:RAIL_IF_TRACKS(1.0);2024-10-24 23:00:00;Annual;Kilometre;Total;Romania;2014;20241.0;;2024;10;40482.0;dużo;7.0
ESTAT:RAIL_IF_TRACKS(1.0);2024-10-24 23:00:00;Annual;Kilometre;Total;Luxembourg;2014;621.0;;2024;10;1242.0;mało;29.0
ESTAT:RAIL_IF_TRACKS(1.0);2024-10-24 23:00:00;Annual;Kilometre;Total;Lithuania;2014;2188.5;;2024;10;4377.0;mało;23.0
ESTAT:RAIL_IF_TRACKS(1.0);2024-10-24 23:00:00;Annual;Kilometre;Total;Slovenia;2014;2178.0;;2024;10;4356.0;mało;24.0
ESTAT:RAIL_IF_TRACKS(1.0);2024-10-24 23:00:00;Annual;Kilometre;Total;Germany;2014;70368.128;s;2024;10;140736.256;dużo;1.0
ESTAT:RAIL_IF_TRACKS(1.0);2024-10-24 23:00:00;Annual;Kilometre;Total;Hungary;2014;9359.0;;2024;10;18718.0;dużo;12.0
ESTAT:RAIL_IF_TRACKS(1.0);2024-10-24 23:00:00;Annual;Kilometre;Total;Türkiye;2014;12053.0;;2024;10;24106.0;dużo;10.0
ESTAT:RAIL_IF_TRACKS(1.0);2024-10-24 23:00:00;Annual;Kilometre;Total;Estonia;2014;2146.0;;2024;10;4292.0;mało;25.0
ESTAT:RAIL_IF_TRACKS(1.0);2024-10-24 23:00:00;Annual;Kilometre;Total;Croatia;2014;4014.0;;2024;10;8028.0;mało;19.0
ESTAT:RAIL_IF_TRACKS(1.0);2024-10-24 23:00:00;Annual;Kilometre;Total;France;2014;52005.022;s;2024;10;104010.044;dużo;2.0
ESTAT:RAIL_IF_TRACKS(1.0);2024-10-24 23:00:00;Annual;Kilometre;Total;United Kingdom;2014;31809.0;;2024;10;63618.0;dużo;4.0
ESTAT:RAIL_IF_TRACKS(1.0);2024-10-24 23:00:00;Annual;Kilometre;Total;Finland;2014;8485.0;;2024;10;16970.0;dużo;13.0
ESTAT:RAIL_IF_TRACKS(1.0);2024-10-24 23:00:00;Annual;Kilometre;Total;Greece;2014;2762.0;;2024;10;5524.0;mało;21.0
ESTAT:RAIL_IF_TRACKS(1.0);2024-10-24 23:00:00;Annual;Kilometre;Total;Albania;2014;346.0;;2024;10;692.0;mało;30.0
ESTAT:RAIL_IF_TRACKS(1.0);2024-10-24 23:00:00;Annual;Kilometre;Total;Italy;2014;24278.0;;2024;10;48556.0;dużo;5.0
ESTAT:RAIL_IF_TRACKS(1.0);2024-10-24 23:00:00;Annual;Kilometre;Total;Czechia;2014;15578.0;;2024;10;31156.0;dużo;8.0
ESTAT:RAIL_IF_TRACKS(1.0);2024-10-24 23:00:00;Annual;Kilometre;Total;North Macedonia;2014;923.0;;2024;10;1846.0;mało;28.0
ESTAT:RAIL_IF_TRACKS(1.0);2024-10-24 23:00:00;Annual;Kilometre;Total;Moldova;2014;2015.1;;2024;10;4030.2;mało;26.0
ESTAT:RAIL_IF_TRACKS(1.0);2024-10-24 23:00:00;Annual;Kilometre;Total;Bosnia and Herzegovina;2014;1444.0;;2024;10;2888.0;mało;27.0
ESTAT:RAIL_IF_TRACKS(1.0);2024-10-24 23:00:00;Annual;Kilometre;Total;Netherlands;2014;5164.0;;2024;10;10328.0;mało;17.0
ESTAT:RAIL_IF_TRACKS(1.0);2024-10-24 23:00:00;Annual;Kilometre;Total;Serbia;2014;5477.0;;2024;10;10954.0;mało;16.0
ESTAT:RAIL_IF_TRACKS(1.0);2024-10-24 23:00:00;Annual;Kilometre;Total;Poland;2014;37455.0;;2024;10;74910.0;dużo;3.0
ESTAT:RAIL_IF_TRACKS(1.0);2024-10-24 23:00:00;Annual;Kilometre;Total;Belgium;2014;6250.0;;2024;10;12500.0;mało;15.0
ESTAT:RAIL_IF_TRACKS(1.0);2024-10-24 23:00:00;Annual;Kilometre;Total;Spain;2014;20761.0;;2024;10;41522.0;dużo;6.0
ESTAT:RAIL_IF_TRACKS(1.0);2024-10-24 23:00:00;Annual;Kilometre;Total;Bulgaria;2014;6481.0;s;2024;10;12962.0;mało;14.0
ESTAT:RAIL_IF_TRACKS(1.0);2024-10-24 23:00:00;Annual;Kilometre;Total;Montenegro;2014;326.0;s;2024;10;652.0;mało;31.0
ESTAT:RAIL_IF_TRACKS(1.0);2024-10-24 23:00:00;Annual;Kilometre;Total;Sweden;2014;15370.0;;2024;10;30740.0;dużo;9.0
ESTAT:RAIL_IF_TRACKS(1.0);2024-10-24 23:00:00;Annual;Kilometre;Total;Portugal;2014;3244.1;;2024;10;6488.2;mało;20.0
ESTAT:RAIL_IF_TRACKS(1.0);2024-10-24 23:00:00;Annual;Kilometre;Total;Norway;2014;4152.0;;2024;10;8304.0;mało;18.0
ESTAT:RAIL_IF_TRACKS(1.0);2024-10-24 23:00:00;Annual;Kilometre;Total;Poland;2015;37572.0;;2024;10;75144.0;dużo;3.0
ESTAT:RAIL_IF_TRACKS(1.0);2024-10-24 23:00:00;Annual;Kilometre;Total;Norway;2015;4152.0;;2024;10;8304.0;mało;18.0
ESTAT:RAIL_IF_TRACKS(1.0);2024-10-24 23:00:00;Annual;Kilometre;Total;Finland;2015;8483.0;b;2024;10;16966.0;dużo;13.0
ESTAT:RAIL_IF_TRACKS(1.0);2024-10-24 23:00:00;Annual;Kilometre;Total;Romania;2015;20155.0;;2024;10;40310.0;dużo;7.0
ESTAT:RAIL_IF_TRACKS(1.0);2024-10-24 23:00:00;Annual;Kilometre;Total;France;2015;51074.944;s;2024;10;102149.888;dużo;2.0
ESTAT:RAIL_IF_TRACKS(1.0);2024-10-24 23:00:00;Annual;Kilometre;Total;Georgia;2015;2505.1;;2024;10;5010.2;mało;22.0
ESTAT:RAIL_IF_TRACKS(1.0);2024-10-24 23:00:00;Annual;Kilometre;Total;Spain;2015;21122.0;;2024;10;42244.0;dużo;6.0
ESTAT:RAIL_IF_TRACKS(1.0);2024-10-24 23:00:00;Annual;Kilometre;Total;United Kingdom;2015;31883.0;;2024;10;63766.0;dużo;4.0
ESTAT:RAIL_IF_TRACKS(1.0);2024-10-24 23:00:00;Annual;Kilometre;Total;Netherlands;2015;5157.0;;2024;10;10314.0;mało;17.0
ESTAT:RAIL_IF_TRACKS(1.0);2024-10-24 23:00:00;Annual;Kilometre;Total;Croatia;2015;3968.0;;2024;10;7936.0;mało;19.0
ESTAT:RAIL_IF_TRACKS(1.0);2024-10-24 23:00:00;Annual;Kilometre;Total;Sweden;2015;15424.0;;2024;10;30848.0;dużo;9.0
ESTAT:RAIL_IF_TRACKS(1.0);2024-10-24 23:00:00;Annual;Kilometre;Total;Hungary;2015;9358.0;;2024;10;18716.0;dużo;12.0
ESTAT:RAIL_IF_TRACKS(1.0);2024-10-24 23:00:00;Annual;Kilometre;Total;Serbia;2015;5392.0;;2024;10;10784.0;mało;16.0
ESTAT:RAIL_IF_TRACKS(1.0);2024-10-24 23:00:00;Annual;Kilometre;Total;Italy;2015;24286.0;;2024;10;48572.0;dużo;5.0
ESTAT:RAIL_IF_TRACKS(1.0);2024-10-24 23:00:00;Annual;Kilometre;Total;Slovenia;2015;2178.0;;2024;10;4356.0;mało;25.0
ESTAT:RAIL_IF_TRACKS(1.0);2024-10-24 23:00:00;Annual;Kilometre;Total;North Macedonia;2015;923.0;;2024;10;1846.0;mało;29.0
ESTAT:RAIL_IF_TRACKS(1.0);2024-10-24 23:00:00;Annual;Kilometre;Total;Montenegro;2015;326.0;s;2024;10;652.0;mało;32.0
ESTAT:RAIL_IF_TRACKS(1.0);2024-10-24 23:00:00;Annual;Kilometre;Total;Luxembourg;2015;626.0;;2024;10;1252.0;mało;30.0
ESTAT:RAIL_IF_TRACKS(1.0);2024-10-24 23:00:00;Annual;Kilometre;Total;Moldova;2015;2006.9;;2024;10;4013.8;mało;27.0
ESTAT:RAIL_IF_TRACKS(1.0);2024-10-24 23:00:00;Annual;Kilometre;Total;Latvia;2015;2217.0;;2024;10;4434.0;mało;24.0
ESTAT:RAIL_IF_TRACKS(1.0);2024-10-24 23:00:00;Annual;Kilometre;Total;Türkiye;2015;12099.0;;2024;10;24198.0;dużo;10.0
ESTAT:RAIL_IF_TRACKS(1.0);2024-10-24 23:00:00;Annual;Kilometre;Total;Portugal;2015;3244.1;;2024;10;6488.2;mało;20.0
ESTAT:RAIL_IF_TRACKS(1.0);2024-10-24 23:00:00;Annual;Kilometre;Total;Lithuania;2015;2335.5;;2024;10;4671.0;mało;23.0
ESTAT:RAIL_IF_TRACKS(1.0);2024-10-24 23:00:00;Annual;Kilometre;Total;Austria;2015;9646.0;s;2024;10;19292.0;dużo;11.0
ESTAT:RAIL_IF_TRACKS(1.0);2024-10-24 23:00:00;Annual;Kilometre;Total;Albania;2015;379.0;;2024;10;758.0;mało;31.0
ESTAT:RAIL_IF_TRACKS(1.0);2024-10-24 23:00:00;Annual;Kilometre;Total;Czechia;2015;15570.0;;2024;10;31140.0;dużo;8.0
ESTAT:RAIL_IF_TRACKS(1.0);2024-10-24 23:00:00;Annual;Kilometre;Total;Belgium;2015;6284.0;;2024;10;12568.0;mało;15.0
ESTAT:RAIL_IF_TRACKS(1.0);2024-10-24 23:00:00;Annual;Kilometre;Total;Germany;2015;69886.127;s;2024;10;139772.254;dużo;1.0
ESTAT:RAIL_IF_TRACKS(1.0);2024-10-24 23:00:00;Annual;Kilometre;Total;Bosnia and Herzegovina;2015;1444.0;;2024;10;2888.0;mało;28.0
ESTAT:RAIL_IF_TRACKS(1.0);2024-10-24 23:00:00;Annual;Kilometre;Total;Estonia;2015;2144.0;;2024;10;4288.0;mało;26.0
ESTAT:RAIL_IF_TRACKS(1.0);2024-10-24 23:00:00;Annual;Kilometre;Total;Bulgaria;2015;6474.0;s;2024;10;12948.0;mało;14.0
ESTAT:RAIL_IF_TRACKS(1.0);2024-10-24 23:00:00;Annual;Kilometre;Total;Greece;2015;2764.0;;2024;10;5528.0;mało;21.0
ESTAT:RAIL_IF_TRACKS(1.0);2024-10-24 23:00:00;Annual;Kilometre;Total;Belgium;2016;6284.0;;2024;10;12568.0;mało;15.0
ESTAT:RAIL_IF_TRACKS(1.0);2024-10-24 23:00:00;Annual;Kilometre;Total;Latvia;2016;2217.0;;2024;10;4434.0;mało;24.0
ESTAT:RAIL_IF_TRACKS(1.0);2024-10-24 23:00:00;Annual;Kilometre;Total;Georgia;2016;2499.8;;2024;10;4999.6;mało;22.0
ESTAT:RAIL_IF_TRACKS(1.0);2024-10-24 23:00:00;Annual;Kilometre;Total;Czechia;2016;15539.0;;2024;10;31078.0;dużo;8.0
ESTAT:RAIL_IF_TRACKS(1.0);2024-10-24 23:00:00;Annual;Kilometre;Total;Luxembourg;2016;626.0;;2024;10;1252.0;mało;30.0
ESTAT:RAIL_IF_TRACKS(1.0);2024-10-24 23:00:00;Annual;Kilometre;Total;Estonia;2016;2141.0;;2024;10;4282.0;mało;26.0
ESTAT:RAIL_IF_TRACKS(1.0);2024-10-24 23:00:00;Annual;Kilometre;Total;Moldova;2016;2006.0;;2024;10;4012.0;mało;27.0
ESTAT:RAIL_IF_TRACKS(1.0);2024-10-24 23:00:00;Annual;Kilometre;Total;Serbia;2016;5392.0;;2024;10;10784.0;mało;16.0
ESTAT:RAIL_IF_TRACKS(1.0);2024-10-24 23:00:00;Annual;Kilometre;Total;Croatia;2016;3950.0;;2024;10;7900.0;mało;19.0
ESTAT:RAIL_IF_TRACKS(1.0);2024-10-24 23:00:00;Annual;Kilometre;Total;Lithuania;2016;2335.7;;2024;10;4671.4;mało;23.0
ESTAT:RAIL_IF_TRACKS(1.0);2024-10-24 23:00:00;Annual;Kilometre;Total;Austria;2016;9688.0;s;2024;10;19376.0;dużo;12.0
ESTAT:RAIL_IF_TRACKS(1.0);2024-10-24 23:00:00;Annual;Kilometre;Total;Sweden;2016;15459.0;;2024;10;30918.0;dużo;9.0
ESTAT:RAIL_IF_TRACKS(1.0);2024-10-24 23:00:00;Annual;Kilometre;Total;Italy;2016;24435.0;;2024;10;48870.0;dużo;5.0
ESTAT:RAIL_IF_TRACKS(1.0);2024-10-24 23:00:00;Annual;Kilometre;Total;Hungary;2016;11424.0;;2024;10;22848.0;dużo;11.0
ESTAT:RAIL_IF_TRACKS(1.0);2024-10-24 23:00:00;Annual;Kilometre;Total;Germany;2016;69901.647;s;2024;10;139803.294;dużo;1.0
ESTAT:RAIL_IF_TRACKS(1.0);2024-10-24 23:00:00;Annual;Kilometre;Total;Türkiye;2016;12099.0;;2024;10;24198.0;dużo;10.0
ESTAT:RAIL_IF_TRACKS(1.0);2024-10-24 23:00:00;Annual;Kilometre;Total;France;2016;50291.348;s;2024;10;100582.696;dużo;2.0
ESTAT:RAIL_IF_TRACKS(1.0);2024-10-24 23:00:00;Annual;Kilometre;Total;Romania;2016;20157.0;;2024;10;40314.0;dużo;7.0
ESTAT:RAIL_IF_TRACKS(1.0);2024-10-24 23:00:00;Annual;Kilometre;Total;Portugal;2016;3244.1;;2024;10;6488.2;mało;20.0
ESTAT:RAIL_IF_TRACKS(1.0);2024-10-24 23:00:00;Annual;Kilometre;Total;Norway;2016;4164.0;;2024;10;8328.0;mało;18.0
ESTAT:RAIL_IF_TRACKS(1.0);2024-10-24 23:00:00;Annual;Kilometre;Total;Greece;2016;2764.0;;2024;10;5528.0;mało;21.0
ESTAT:RAIL_IF_TRACKS(1.0);2024-10-24 23:00:00;Annual;Kilometre;Total;Spain;2016;22080.0;;2024;10;44160.0;dużo;6.0
ESTAT:RAIL_IF_TRACKS(1.0);2024-10-24 23:00:00;Annual;Kilometre;Total;Poland;2016;37386.0;;2024;10;74772.0;dużo;3.0
ESTAT:RAIL_IF_TRACKS(1.0);2024-10-24 23:00:00;Annual;Kilometre;Total;Netherlands;2016;5231.0;;2024;10;10462.0;mało;17.0
ESTAT:RAIL_IF_TRACKS(1.0);2024-10-24 23:00:00;Annual;Kilometre;Total;Bosnia and Herzegovina;2016;1410.0;;2024;10;2820.0;mało;28.0
ESTAT:RAIL_IF_TRACKS(1.0);2024-10-24 23:00:00;Annual;Kilometre;Total;North Macedonia;2016;907.0;;2024;10;1814.0;mało;29.0
ESTAT:RAIL_IF_TRACKS(1.0);2024-10-24 23:00:00;Annual;Kilometre;Total;Finland;2016;6701.0;;2024;10;13402.0;mało;13.0
ESTAT:RAIL_IF_TRACKS(1.0);2024-10-24 23:00:00;Annual;Kilometre;Total;Bulgaria;2016;6475.0;s;2024;10;12950.0;mało;14.0
ESTAT:RAIL_IF_TRACKS(1.0);2024-10-24 23:00:00;Annual;Kilometre;Total;Slovenia;2016;2178.0;;2024;10;4356.0;mało;25.0
ESTAT:RAIL_IF_TRACKS(1.0);2024-10-24 23:00:00;Annual;Kilometre;Total;United Kingdom;2016;31910.0;;2024;10;63820.0;dużo;4.0
ESTAT:RAIL_IF_TRACKS(1.0);2024-10-24 23:00:00;Annual;Kilometre;Total;Montenegro;2016;328.0;;2024;10;656.0;mało;32.0
ESTAT:RAIL_IF_TRACKS(1.0);2024-10-24 23:00:00;Annual;Kilometre;Total;Albania;2016;334.0;;2024;10;668.0;mało;31.0
ESTAT:RAIL_IF_TRACKS(1.0);2024-10-24 23:00:00;Annual;Kilometre;Total;Germany;2017;70401.059;s;2024;10;140802.118;dużo;1.0
ESTAT:RAIL_IF_TRACKS(1.0);2024-10-24 23:00:00;Annual;Kilometre;Total;Norway;2017;4208.0;;2024;10;8416.0;mało;18.0
ESTAT:RAIL_IF_TRACKS(1.0);2024-10-24 23:00:00;Annual;Kilometre;Total;Bosnia and Herzegovina;2017;1476.0;;2024;10;2952.0;mało;28.0
ESTAT:RAIL_IF_TRACKS(1.0);2024-10-24 23:00:00;Annual;Kilometre;Total;Belgium;2017;6266.0;;2024;10;12532.0;mało;15.0
ESTAT:RAIL_IF_TRACKS(1.0);2024-10-24 23:00:00;Annual;Kilometre;Total;Italy;2017;24483.0;;2024;10;48966.0;dużo;5.0
ESTAT:RAIL_IF_TRACKS(1.0);2024-10-24 23:00:00;Annual;Kilometre;Total;Sweden;2017;15568.0;;2024;10;31136.0;dużo;8.0
ESTAT:RAIL_IF_TRACKS(1.0);2024-10-24 23:00:00;Annual;Kilometre;Total;Romania;2017;20144.0;;2024;10;40288.0;dużo;7.0
ESTAT:RAIL_IF_TRACKS(1.0);2024-10-24 23:00:00;Annual;Kilometre;Total;Luxembourg;2017;622.0;;2024;10;1244.0;mało;30.0
ESTAT:RAIL_IF_TRACKS(1.0);2024-10-24 23:00:00;Annual;Kilometre;Total;Poland;2017;37195.0;;2024;10;74390.0;dużo;3.0
ESTAT:RAIL_IF_TRACKS(1.0);2024-10-24 23:00:00;Annual;Kilometre;Total;Lithuania;2017;2335.7;;2024;10;4671.4;mało;23.0
ESTAT:RAIL_IF_TRACKS(1.0);2024-10-24 23:00:00;Annual;Kilometre;Total;Serbia;2017;5374.0;;2024;10;10748.0;mało;16.0
ESTAT:RAIL_IF_TRACKS(1.0);2024-10-24 23:00:00;Annual;Kilometre;Total;Netherlands;2017;5230.0;;2024;10;10460.0;mało;17.0
ESTAT:RAIL_IF_TRACKS(1.0);2024-10-24 23:00:00;Annual;Kilometre;Total;Latvia;2017;2217.0;;2024;10;4434.0;mało;24.0
ESTAT:RAIL_IF_TRACKS(1.0);2024-10-24 23:00:00;Annual;Kilometre;Total;North Macedonia;2017;907.0;;2024;10;1814.0;mało;29.0
ESTAT:RAIL_IF_TRACKS(1.0);2024-10-24 23:00:00;Annual;Kilometre;Total;Portugal;2017;3244.1;;2024;10;6488.2;mało;20.0
ESTAT:RAIL_IF_TRACKS(1.0);2024-10-24 23:00:00;Annual;Kilometre;Total;Bulgaria;2017;6475.0;s;2024;10;12950.0;mało;14.0
ESTAT:RAIL_IF_TRACKS(1.0);2024-10-24 23:00:00;Annual;Kilometre;Total;Czechia;2017;15519.0;;2024;10;31038.0;dużo;9.0
ESTAT:RAIL_IF_TRACKS(1.0);2024-10-24 23:00:00;Annual;Kilometre;Total;Moldova;2017;2006.3;;2024;10;4012.6;mało;27.0
ESTAT:RAIL_IF_TRACKS(1.0);2024-10-24 23:00:00;Annual;Kilometre;Total;Montenegro;2017;328.0;;2024;10;656.0;mało;33.0
ESTAT:RAIL_IF_TRACKS(1.0);2024-10-24 23:00:00;Annual;Kilometre;Total;Albania;2017;334.0;;2024;10;668.0;mało;32.0
ESTAT:RAIL_IF_TRACKS(1.0);2024-10-24 23:00:00;Annual;Kilometre;Total;Greece;2017;2764.0;;2024;10;5528.0;mało;21.0
ESTAT:RAIL_IF_TRACKS(1.0);2024-10-24 23:00:00;Annual;Kilometre;Total;Spain;2017;21853.0;;2024;10;43706.0;dużo;6.0
ESTAT:RAIL_IF_TRACKS(1.0);2024-10-24 23:00:00;Annual;Kilometre;Total;Kosovo*;2017;440.0;;2024;10;880.0;mało;31.0
ESTAT:RAIL_IF_TRACKS(1.0);2024-10-24 23:00:00;Annual;Kilometre;Total;Finland;2017;6708.0;;2024;10;13416.0;mało;13.0
ESTAT:RAIL_IF_TRACKS(1.0);2024-10-24 23:00:00;Annual;Kilometre;Total;United Kingdom;2017;31727.0;;2024;10;63454.0;dużo;4.0
ESTAT:RAIL_IF_TRACKS(1.0);2024-10-24 23:00:00;Annual;Kilometre;Total;France;2017;50108.371;;2024;10;100216.742;dużo;2.0
ESTAT:RAIL_IF_TRACKS(1.0);2024-10-24 23:00:00;Annual;Kilometre;Total;Slovenia;2017;2178.0;;2024;10;4356.0;mało;25.0
ESTAT:RAIL_IF_TRACKS(1.0);2024-10-24 23:00:00;Annual;Kilometre;Total;Estonia;2017;2141.0;;2024;10;4282.0;mało;26.0
ESTAT:RAIL_IF_TRACKS(1.0);2024-10-24 23:00:00;Annual;Kilometre;Total;Georgia;2017;2499.8;;2024;10;4999.6;mało;22.0
ESTAT:RAIL_IF_TRACKS(1.0);2024-10-24 23:00:00;Annual;Kilometre;Total;Türkiye;2017;12175.0;;2024;10;24350.0;dużo;10.0
ESTAT:RAIL_IF_TRACKS(1.0);2024-10-24 23:00:00;Annual;Kilometre;Total;Croatia;2017;3942.0;;2024;10;7884.0;mało;19.0
ESTAT:RAIL_IF_TRACKS(1.0);2024-10-24 23:00:00;Annual;Kilometre;Total;Austria;2017;9782.0;s;2024;10;19564.0;dużo;12.0
ESTAT:RAIL_IF_TRACKS(1.0);2024-10-24 23:00:00;Annual;Kilometre;Total;Hungary;2017;11524.0;;2024;10;23048.0;dużo;11.0
ESTAT:RAIL_IF_TRACKS(1.0);2024-10-24 23:00:00;Annual;Kilometre;Total;Czechia;2018;15488.0;;2024;10;30976.0;dużo;9.0
ESTAT:RAIL_IF_TRACKS(1.0);2024-10-24 23:00:00;Annual;Kilometre;Total;Germany;2018;70532.964;s;2024;10;141065.928;dużo;1.0
ESTAT:RAIL_IF_TRACKS(1.0);2024-10-24 23:00:00;Annual;Kilometre;Total;Slovenia;2018;2178.0;;2024;10;4356.0;mało;25.0
ESTAT:RAIL_IF_TRACKS(1.0);2024-10-24 23:00:00;Annual;Kilometre;Total;Latvia;2018;2217.0;;2024;10;4434.0;mało;24.0
ESTAT:RAIL_IF_TRACKS(1.0);2024-10-24 23:00:00;Annual;Kilometre;Total;North Macedonia;2018;907.0;;2024;10;1814.0;mało;29.0
ESTAT:RAIL_IF_TRACKS(1.0);2024-10-24 23:00:00;Annual;Kilometre;Total;Romania;2018;20104.0;;2024;10;40208.0;dużo;7.0
ESTAT:RAIL_IF_TRACKS(1.0);2024-10-24 23:00:00;Annual;Kilometre;Total;United Kingdom;2018;31780.0;;2024;10;63560.0;dużo;4.0
ESTAT:RAIL_IF_TRACKS(1.0);2024-10-24 23:00:00;Annual;Kilometre;Total;Poland;2018;37020.0;;2024;10;74040.0;dużo;3.0
ESTAT:RAIL_IF_TRACKS(1.0);2024-10-24 23:00:00;Annual;Kilometre;Total;Estonia;2018;2140.0;;2024;10;4280.0;mało;26.0
ESTAT:RAIL_IF_TRACKS(1.0);2024-10-24 23:00:00;Annual;Kilometre;Total;France;2018;49179.41;;2024;10;98358.82;dużo;2.0
ESTAT:RAIL_IF_TRACKS(1.0);2024-10-24 23:00:00;Annual;Kilometre;Total;Hungary;2018;11336.0;;2024;10;22672.0;dużo;11.0
ESTAT:RAIL_IF_TRACKS(1.0);2024-10-24 23:00:00;Annual;Kilometre;Total;Moldova;2018;2001.3;;2024;10;4002.6;mało;27.0
ESTAT:RAIL_IF_TRACKS(1.0);2024-10-24 23:00:00;Annual;Kilometre;Total;Finland;2018;6712.0;;2024;10;13424.0;mało;13.0
ESTAT:RAIL_IF_TRACKS(1.0);2024-10-24 23:00:00;Annual;Kilometre;Total;Portugal;2018;3244.1;;2024;10;6488.2;mało;20.0
ESTAT:RAIL_IF_TRACKS(1.0);2024-10-24 23:00:00;Annual;Kilometre;Total;Bosnia and Herzegovina;2018;1476.0;;2024;10;2952.0;mało;28.0
ESTAT:RAIL_IF_TRACKS(1.0);2024-10-24 23:00:00;Annual;Kilometre;Total;Bulgaria;2018;6460.0;s;2024;10;12920.0;mało;14.0
ESTAT:RAIL_IF_TRACKS(1.0);2024-10-24 23:00:00;Annual;Kilometre;Total;Sweden;2018;15571.0;;2024;10;31142.0;dużo;8.0
ESTAT:RAIL_IF_TRACKS(1.0);2024-10-24 23:00:00;Annual;Kilometre;Total;Kosovo*;2018;440.0;;2024;10;880.0;mało;31.0
ESTAT:RAIL_IF_TRACKS(1.0);2024-10-24 23:00:00;Annual;Kilometre;Total;Georgia;2018;2508.0;;2024;10;5016.0;mało;22.0
ESTAT:RAIL_IF_TRACKS(1.0);2024-10-24 23:00:00;Annual;Kilometre;Total;Luxembourg;2018;622.0;;2024;10;1244.0;mało;30.0
ESTAT:RAIL_IF_TRACKS(1.0);2024-10-24 23:00:00;Annual;Kilometre;Total;Norway;2018;4177.0;;2024;10;8354.0;mało;18.0
ESTAT:RAIL_IF_TRACKS(1.0);2024-10-24 23:00:00;Annual;Kilometre;Total;Greece;2018;2870.0;;2024;10;5740.0;mało;21.0
ESTAT:RAIL_IF_TRACKS(1.0);2024-10-24 23:00:00;Annual;Kilometre;Total;Austria;2018;9785.0;s;2024;10;19570.0;dużo;12.0
ESTAT:RAIL_IF_TRACKS(1.0);2024-10-24 23:00:00;Annual;Kilometre;Total;Belgium;2018;6301.0;;2024;10;12602.0;mało;15.0
ESTAT:RAIL_IF_TRACKS(1.0);2024-10-24 23:00:00;Annual;Kilometre;Total;Croatia;2018;3940.0;;2024;10;7880.0;mało;19.0
ESTAT:RAIL_IF_TRACKS(1.0);2024-10-24 23:00:00;Annual;Kilometre;Total;Lithuania;2018;2335.1;;2024;10;4670.2;mało;23.0
ESTAT:RAIL_IF_TRACKS(1.0);2024-10-24 23:00:00;Annual;Kilometre;Total;Spain;2018;21882.0;;2024;10;43764.0;dużo;6.0
ESTAT:RAIL_IF_TRACKS(1.0);2024-10-24 23:00:00;Annual;Kilometre;Total;Serbia;2018;5374.0;;2024;10;10748.0;mało;16.0
ESTAT:RAIL_IF_TRACKS(1.0);2024-10-24 23:00:00;Annual;Kilometre;Total;Montenegro;2018;328.0;;2024;10;656.0;mało;33.0
ESTAT:RAIL_IF_TRACKS(1.0);2024-10-24 23:00:00;Annual;Kilometre;Total;Italy;2018;24502.0;;2024;10;49004.0;dużo;5.0
ESTAT:RAIL_IF_TRACKS(1.0);2024-10-24 23:00:00;Annual;Kilometre;Total;Albania;2018;334.0;;2024;10;668.0;mało;32.0
ESTAT:RAIL_IF_TRACKS(1.0);2024-10-24 23:00:00;Annual;Kilometre;Total;Türkiye;2018;12307.0;;2024;10;24614.0;dużo;10.0
ESTAT:RAIL_IF_TRACKS(1.0);2024-10-24 23:00:00;Annual;Kilometre;Total;Netherlands;2018;5180.0;;2024;10;10360.0;mało;17.0
ESTAT:RAIL_IF_TRACKS(1.0);2024-10-24 23:00:00;Annual;Kilometre;Total;Poland;2019;37250.0;;2024;10;74500.0;dużo;3.0
ESTAT:RAIL_IF_TRACKS(1.0);2024-10-24 23:00:00;Annual;Kilometre;Total;Montenegro;2019;328.0;;2024;10;656.0;mało;33.0
ESTAT:RAIL_IF_TRACKS(1.0);2024-10-24 23:00:00;Annual;Kilometre;Total;Portugal;2019;3224.19;;2024;10;6448.38;mało;20.0
ESTAT:RAIL_IF_TRACKS(1.0);2024-10-24 23:00:00;Annual;Kilometre;Total;Kosovo*;2019;440.0;;2024;10;880.0;mało;32.0
ESTAT:RAIL_IF_TRACKS(1.0);2024-10-24 23:00:00;Annual;Kilometre;Total;Finland;2019;6712.0;;2024;10;13424.0;mało;13.0
ESTAT:RAIL_IF_TRACKS(1.0);2024-10-24 23:00:00;Annual;Kilometre;Total;United Kingdom;2019;31907.0;;2024;10;63814.0;dużo;4.0
ESTAT:RAIL_IF_TRACKS(1.0);2024-10-24 23:00:00;Annual;Kilometre;Total;Bosnia and Herzegovina;2019;1476.0;;2024;10;2952.0;mało;29.0
ESTAT:RAIL_IF_TRACKS(1.0);2024-10-24 23:00:00;Annual;Kilometre;Total;Sweden;2019;15542.0;;2024;10;31084.0;dużo;8.0
ESTAT:RAIL_IF_TRACKS(1.0);2024-10-24 23:00:00;Annual;Kilometre;Total;Belgium;2019;6307.0;;2024;10;12614.0;mało;15.0
ESTAT:RAIL_IF_TRACKS(1.0);2024-10-24 23:00:00;Annual;Kilometre;Total;Spain;2019;21988.013;;2024;10;43976.026;dużo;6.0
ESTAT:RAIL_IF_TRACKS(1.0);2024-10-24 23:00:00;Annual;Kilometre;Total;North Macedonia;2019;907.0;;2024;10;1814.0;mało;30.0
ESTAT:RAIL_IF_TRACKS(1.0);2024-10-24 23:00:00;Annual;Kilometre;Total;Netherlands;2019;5180.0;;2024;10;10360.0;mało;17.0
ESTAT:RAIL_IF_TRACKS(1.0);2024-10-24 23:00:00;Annual;Kilometre;Total;Ireland;2019;2426.0;;2024;10;4852.0;mało;23.0
ESTAT:RAIL_IF_TRACKS(1.0);2024-10-24 23:00:00;Annual;Kilometre;Total;Hungary;2019;11345.0;;2024;10;22690.0;dużo;11.0
ESTAT:RAIL_IF_TRACKS(1.0);2024-10-24 23:00:00;Annual;Kilometre;Total;Bulgaria;2019;6456.0;s;2024;10;12912.0;mało;14.0
ESTAT:RAIL_IF_TRACKS(1.0);2024-10-24 23:00:00;Annual;Kilometre;Total;Albania;2019;234.85;;2024;10;469.7;mało;34.0
ESTAT:RAIL_IF_TRACKS(1.0);2024-10-24 23:00:00;Annual;Kilometre;Total;Norway;2019;4180.0;;2024;10;8360.0;mało;18.0
ESTAT:RAIL_IF_TRACKS(1.0);2024-10-24 23:00:00;Annual;Kilometre;Total;Croatia;2019;3945.0;;2024;10;7890.0;mało;19.0
ESTAT:RAIL_IF_TRACKS(1.0);2024-10-24 23:00:00;Annual;Kilometre;Total;Lithuania;2019;2345.9;;2024;10;4691.8;mało;24.0
ESTAT:RAIL_IF_TRACKS(1.0);2024-10-24 23:00:00;Annual;Kilometre;Total;Serbia;2019;5331.0;;2024;10;10662.0;mało;16.0
ESTAT:RAIL_IF_TRACKS(1.0);2024-10-24 23:00:00;Annual;Kilometre;Total;Italy;2019;24500.0;;2024;10;49000.0;dużo;5.0
ESTAT:RAIL_IF_TRACKS(1.0);2024-10-24 23:00:00;Annual;Kilometre;Total;Czechia;2019;15418.0;;2024;10;30836.0;dużo;9.0
ESTAT:RAIL_IF_TRACKS(1.0);2024-10-24 23:00:00;Annual;Kilometre;Total;Luxembourg;2019;628.0;;2024;10;1256.0;mało;31.0
ESTAT:RAIL_IF_TRACKS(1.0);2024-10-24 23:00:00;Annual;Kilometre;Total;Austria;2019;9788.0;s;2024;10;19576.0;dużo;12.0
ESTAT:RAIL_IF_TRACKS(1.0);2024-10-24 23:00:00;Annual;Kilometre;Total;Greece;2019;2909.0;;2024;10;5818.0;mało;21.0
ESTAT:RAIL_IF_TRACKS(1.0);2024-10-24 23:00:00;Annual;Kilometre;Total;Germany;2019;70741.056;s;2024;10;141482.112;dużo;1.0
ESTAT:RAIL_IF_TRACKS(1.0);2024-10-24 23:00:00;Annual;Kilometre;Total;Georgia;2019;2507.1;;2024;10;5014.2;mało;22.0
ESTAT:RAIL_IF_TRACKS(1.0);2024-10-24 23:00:00;Annual;Kilometre;Total;Latvia;2019;2217.0;;2024;10;4434.0;mało;25.0
ESTAT:RAIL_IF_TRACKS(1.0);2024-10-24 23:00:00;Annual;Kilometre;Total;Estonia;2019;2144.0;;2024;10;4288.0;mało;27.0
ESTAT:RAIL_IF_TRACKS(1.0);2024-10-24 23:00:00;Annual;Kilometre;Total;Romania;2019;20079.0;;2024;10;40158.0;dużo;7.0
ESTAT:RAIL_IF_TRACKS(1.0);2024-10-24 23:00:00;Annual;Kilometre;Total;Slovenia;2019;2178.0;;2024;10;4356.0;mało;26.0
ESTAT:RAIL_IF_TRACKS(1.0);2024-10-24 23:00:00;Annual;Kilometre;Total;France;2019;49821.511;;2024;10;99643.022;dużo;2.0
ESTAT:RAIL_IF_TRACKS(1.0);2024-10-24 23:00:00;Annual;Kilometre;Total;Türkiye;2019;12370.0;;2024;10;24740.0;dużo;10.0
ESTAT:RAIL_IF_TRACKS(1.0);2024-10-24 23:00:00;Annual;Kilometre;Total;Moldova;2019;1997.8;;2024;10;3995.6;mało;28.0
ESTAT:RAIL_IF_TRACKS(1.0);2024-10-24 23:00:00;Annual;Kilometre;Total;Bosnia and Herzegovina;2020;1476.0;;2024;10;2952.0;mało;29.0
ESTAT:RAIL_IF_TRACKS(1.0);2024-10-24 23:00:00;Annual;Kilometre;Total;Albania;2020;204.15;;2024;10;408.3;mało;34.0
ESTAT:RAIL_IF_TRACKS(1.0);2024-10-24 23:00:00;Annual;Kilometre;Total;Kosovo*;2020;440.0;;2024;10;880.0;mało;32.0
ESTAT:RAIL_IF_TRACKS(1.0);2024-10-24 23:00:00;Annual;Kilometre;Total;Portugal;2020;3224.19;;2024;10;6448.38;mało;20.0
ESTAT:RAIL_IF_TRACKS(1.0);2024-10-24 23:00:00;Annual;Kilometre;Total;Sweden;2020;15557.0;;2024;10;31114.0;dużo;8.0
ESTAT:RAIL_IF_TRACKS(1.0);2024-10-24 23:00:00;Annual;Kilometre;Total;Türkiye;2020;12803.0;s;2024;10;25606.0;dużo;10.0
ESTAT:RAIL_IF_TRACKS(1.0);2024-10-24 23:00:00;Annual;Kilometre;Total;United Kingdom;2020;31940.0;;2024;10;63880.0;dużo;4.0
ESTAT:RAIL_IF_TRACKS(1.0);2024-10-24 23:00:00;Annual;Kilometre;Total;Romania;2020;20071.0;;2024;10;40142.0;dużo;7.0
ESTAT:RAIL_IF_TRACKS(1.0);2024-10-24 23:00:00;Annual;Kilometre;Total;Austria;2020;9762.0;s;2024;10;19524.0;dużo;12.0
ESTAT:RAIL_IF_TRACKS(1.0);2024-10-24 23:00:00;Annual;Kilometre;Total;Poland;2020;37269.0;;2024;10;74538.0;dużo;3.0
ESTAT:RAIL_IF_TRACKS(1.0);2024-10-24 23:00:00;Annual;Kilometre;Total;Serbia;2020;4927.0;;2024;10;9854.0;mało;17.0
ESTAT:RAIL_IF_TRACKS(1.0);2024-10-24 23:00:00;Annual;Kilometre;Total;Slovenia;2020;2178.0;;2024;10;4356.0;mało;26.0
ESTAT:RAIL_IF_TRACKS(1.0);2024-10-24 23:00:00;Annual;Kilometre;Total;Greece;2020;3039.0;;2024;10;6078.0;mało;21.0
ESTAT:RAIL_IF_TRACKS(1.0);2024-10-24 23:00:00;Annual;Kilometre;Total;Croatia;2020;3950.0;;2024;10;7900.0;mało;19.0
ESTAT:RAIL_IF_TRACKS(1.0);2024-10-24 23:00:00;Annual;Kilometre;Total;Georgia;2020;2401.3;;2024;10;4802.6;mało;23.0
ESTAT:RAIL_IF_TRACKS(1.0);2024-10-24 23:00:00;Annual;Kilometre;Total;Germany;2020;70182.411;;2024;10;140364.822;dużo;1.0
ESTAT:RAIL_IF_TRACKS(1.0);2024-10-24 23:00:00;Annual;Kilometre;Total;Ireland;2020;2426.0;;2024;10;4852.0;mało;22.0
ESTAT:RAIL_IF_TRACKS(1.0);2024-10-24 23:00:00;Annual;Kilometre;Total;Italy;2020;24515.0;;2024;10;49030.0;dużo;5.0
ESTAT:RAIL_IF_TRACKS(1.0);2024-10-24 23:00:00;Annual;Kilometre;Total;France;2020;49345.0;;2024;10;98690.0;dużo;2.0
ESTAT:RAIL_IF_TRACKS(1.0);2024-10-24 23:00:00;Annual;Kilometre;Total;Lithuania;2020;2346.0;;2024;10;4692.0;mało;24.0
ESTAT:RAIL_IF_TRACKS(1.0);2024-10-24 23:00:00;Annual;Kilometre;Total;Estonia;2020;2143.0;;2024;10;4286.0;mało;27.0
ESTAT:RAIL_IF_TRACKS(1.0);2024-10-24 23:00:00;Annual;Kilometre;Total;Czechia;2020;15360.0;;2024;10;30720.0;dużo;9.0
ESTAT:RAIL_IF_TRACKS(1.0);2024-10-24 23:00:00;Annual;Kilometre;Total;Luxembourg;2020;628.0;;2024;10;1256.0;mało;31.0
ESTAT:RAIL_IF_TRACKS(1.0);2024-10-24 23:00:00;Annual;Kilometre;Total;Latvia;2020;2216.1;;2024;10;4432.2;mało;25.0
ESTAT:RAIL_IF_TRACKS(1.0);2024-10-24 23:00:00;Annual;Kilometre;Total;Finland;2020;6707.0;;2024;10;13414.0;mało;13.0
ESTAT:RAIL_IF_TRACKS(1.0);2024-10-24 23:00:00;Annual;Kilometre;Total;Moldova;2020;1997.1;;2024;10;3994.2;mało;28.0
ESTAT:RAIL_IF_TRACKS(1.0);2024-10-24 23:00:00;Annual;Kilometre;Total;Bulgaria;2020;6454.0;s;2024;10;12908.0;mało;14.0
ESTAT:RAIL_IF_TRACKS(1.0);2024-10-24 23:00:00;Annual;Kilometre;Total;Montenegro;2020;327.7;;2024;10;655.4;mało;33.0
ESTAT:RAIL_IF_TRACKS(1.0);2024-10-24 23:00:00;Annual;Kilometre;Total;Hungary;2020;11393.0;;2024;10;22786.0;dużo;11.0
ESTAT:RAIL_IF_TRACKS(1.0);2024-10-24 23:00:00;Annual;Kilometre;Total;North Macedonia;2020;907.0;;2024;10;1814.0;mało;30.0
ESTAT:RAIL_IF_TRACKS(1.0);2024-10-24 23:00:00;Annual;Kilometre;Total;Belgium;2020;6298.0;;2024;10;12596.0;mało;15.0
ESTAT:RAIL_IF_TRACKS(1.0);2024-10-24 23:00:00;Annual;Kilometre;Total;Norway;2020;4196.0;;2024;10;8392.0;mało;18.0
ESTAT:RAIL_IF_TRACKS(1.0);2024-10-24 23:00:00;Annual;Kilometre;Total;Netherlands;2020;5186.0;;2024;10;10372.0;mało;16.0
ESTAT:RAIL_IF_TRACKS(1.0);2024-10-24 23:00:00;Annual;Kilometre;Total;Spain;2020;22273.796;;2024;10;44547.592;dużo;6.0
ESTAT:RAIL_IF_TRACKS(1.0);2024-10-24 23:00:00;Annual;Kilometre;Total;Montenegro;2021;327.7;;2024;10;655.4;mało;32.0
ESTAT:RAIL_IF_TRACKS(1.0);2024-10-24 23:00:00;Annual;Kilometre;Total;Lithuania;2021;2346.0;;2024;10;4692.0;mało;23.0
ESTAT:RAIL_IF_TRACKS(1.0);2024-10-24 23:00:00;Annual;Kilometre;Total;Serbia;2021;4929.0;;2024;10;9858.0;mało;16.0
ESTAT:RAIL_IF_TRACKS(1.0);2024-10-24 23:00:00;Annual;Kilometre;Total;Kosovo*;2021;440.0;;2024;10;880.0;mało;31.0
ESTAT:RAIL_IF_TRACKS(1.0);2024-10-24 23:00:00;Annual;Kilometre;Total;Norway;2021;4196.0;;2024;10;8392.0;mało;17.0
ESTAT:RAIL_IF_TRACKS(1.0);2024-10-24 23:00:00;Annual;Kilometre;Total;Türkiye;2021;13022.0;s;2024;10;26044.0;dużo;10.0
ESTAT:RAIL_IF_TRACKS(1.0);2024-10-24 23:00:00;Annual;Kilometre;Total;Netherlands;2021;5185.0;;2024;10;10370.0;mało;15.0
ESTAT:RAIL_IF_TRACKS(1.0);2024-10-24 23:00:00;Annual;Kilometre;Total;France;2021;49188.0;s;2024;10;98376.0;dużo;2.0
ESTAT:RAIL_IF_TRACKS(1.0);2024-10-24 23:00:00;Annual;Kilometre;Total;Ireland;2021;2426.0;;2024;10;4852.0;mało;21.0
ESTAT:RAIL_IF_TRACKS(1.0);2024-10-24 23:00:00;Annual;Kilometre;Total;Sweden;2021;15543.0;;2024;10;31086.0;dużo;8.0
ESTAT:RAIL_IF_TRACKS(1.0);2024-10-24 23:00:00;Annual;Kilometre;Total;Greece;2021;3039.0;;2024;10;6078.0;mało;20.0
ESTAT:RAIL_IF_TRACKS(1.0);2024-10-24 23:00:00;Annual;Kilometre;Total;Georgia;2021;2401.3;;2024;10;4802.6;mało;22.0
ESTAT:RAIL_IF_TRACKS(1.0);2024-10-24 23:00:00;Annual;Kilometre;Total;Albania;2021;224.0;;2024;10;448.0;mało;33.0
ESTAT:RAIL_IF_TRACKS(1.0);2024-10-24 23:00:00;Annual;Kilometre;Total;Italy;2021;24564.0;;2024;10;49128.0;dużo;5.0
ESTAT:RAIL_IF_TRACKS(1.0);2024-10-24 23:00:00;Annual;Kilometre;Total;Belgium;2021;6301.0;;2024;10;12602.0;mało;14.0
ESTAT:RAIL_IF_TRACKS(1.0);2024-10-24 23:00:00;Annual;Kilometre;Total;Czechia;2021;15261.0;;2024;10;30522.0;dużo;9.0
ESTAT:RAIL_IF_TRACKS(1.0);2024-10-24 23:00:00;Annual;Kilometre;Total;Poland;2021;37474.0;;2024;10;74948.0;dużo;3.0
ESTAT:RAIL_IF_TRACKS(1.0);2024-10-24 23:00:00;Annual;Kilometre;Total;North Macedonia;2021;907.0;;2024;10;1814.0;mało;29.0
ESTAT:RAIL_IF_TRACKS(1.0);2024-10-24 23:00:00;Annual;Kilometre;Total;Portugal;2021;3225.111;;2024;10;6450.222;mało;19.0
ESTAT:RAIL_IF_TRACKS(1.0);2024-10-24 23:00:00;Annual;Kilometre;Total;Germany;2021;70108.335;;2024;10;140216.67;dużo;1.0
ESTAT:RAIL_IF_TRACKS(1.0);2024-10-24 23:00:00;Annual;Kilometre;Total;Moldova;2021;1996.7;;2024;10;3993.4;mało;27.0
ESTAT:RAIL_IF_TRACKS(1.0);2024-10-24 23:00:00;Annual;Kilometre;Total;Slovenia;2021;2178.0;;2024;10;4356.0;mało;25.0
ESTAT:RAIL_IF_TRACKS(1.0);2024-10-24 23:00:00;Annual;Kilometre;Total;United Kingdom;2021;31898.0;;2024;10;63796.0;dużo;4.0
ESTAT:RAIL_IF_TRACKS(1.0);2024-10-24 23:00:00;Annual;Kilometre;Total;Estonia;2021;2143.0;;2024;10;4286.0;mało;26.0
ESTAT:RAIL_IF_TRACKS(1.0);2024-10-24 23:00:00;Annual;Kilometre;Total;Bulgaria;2021;6455.0;s;2024;10;12910.0;mało;13.0
ESTAT:RAIL_IF_TRACKS(1.0);2024-10-24 23:00:00;Annual;Kilometre;Total;Hungary;2021;11586.0;;2024;10;23172.0;dużo;11.0
ESTAT:RAIL_IF_TRACKS(1.0);2024-10-24 23:00:00;Annual;Kilometre;Total;Spain;2021;22526.471;;2024;10;45052.942;dużo;6.0
ESTAT:RAIL_IF_TRACKS(1.0);2024-10-24 23:00:00;Annual;Kilometre;Total;Romania;2021;20065.0;;2024;10;40130.0;dużo;7.0
ESTAT:RAIL_IF_TRACKS(1.0);2024-10-24 23:00:00;Annual;Kilometre;Total;Finland;2021;6707.0;;2024;10;13414.0;mało;12.0
ESTAT:RAIL_IF_TRACKS(1.0);2024-10-24 23:00:00;Annual;Kilometre;Total;Croatia;2021;3944.0;;2024;10;7888.0;mało;18.0
ESTAT:RAIL_IF_TRACKS(1.0);2024-10-24 23:00:00;Annual;Kilometre;Total;Luxembourg;2021;628.0;;2024;10;1256.0;mało;30.0
ESTAT:RAIL_IF_TRACKS(1.0);2024-10-24 23:00:00;Annual;Kilometre;Total;Bosnia and Herzegovina;2021;1476.0;;2024;10;2952.0;mało;28.0
ESTAT:RAIL_IF_TRACKS(1.0);2024-10-24 23:00:00;Annual;Kilometre;Total;Latvia;2021;2213.1;;2024;10;4426.2;mało;24.0
ESTAT:RAIL_IF_TRACKS(1.0);2024-10-24 23:00:00;Annual;Kilometre;Total;Germany;2022;70108.335;;2024;10;140216.67;dużo;1.0
ESTAT:RAIL_IF_TRACKS(1.0);2024-10-24 23:00:00;Annual;Kilometre;Total;Georgia;2022;2401.3;;2024;10;4802.6;mało;22.0
ESTAT:RAIL_IF_TRACKS(1.0);2024-10-24 23:00:00;Annual;Kilometre;Total;Norway;2022;4240.0;;2024;10;8480.0;mało;16.0
ESTAT:RAIL_IF_TRACKS(1.0);2024-10-24 23:00:00;Annual;Kilometre;Total;Estonia;2022;2151.0;;2024;10;4302.0;mało;25.0
ESTAT:RAIL_IF_TRACKS(1.0);2024-10-24 23:00:00;Annual;Kilometre;Total;Spain;2022;22725.796;;2024;10;45451.592;dużo;6.0
ESTAT:RAIL_IF_TRACKS(1.0);2024-10-24 23:00:00;Annual;Kilometre;Total;United Kingdom;2022;31892.0;;2024;10;63784.0;dużo;4.0
ESTAT:RAIL_IF_TRACKS(1.0);2024-10-24 23:00:00;Annual;Kilometre;Total;Greece;2022;2688.0;;2024;10;5376.0;mało;20.0
ESTAT:RAIL_IF_TRACKS(1.0);2024-10-24 23:00:00;Annual;Kilometre;Total;France;2022;48944.0;;2024;10;97888.0;dużo;2.0
ESTAT:RAIL_IF_TRACKS(1.0);2024-10-24 23:00:00;Annual;Kilometre;Total;Finland;2022;6728.0;;2024;10;13456.0;mało;11.0
ESTAT:RAIL_IF_TRACKS(1.0);2024-10-24 23:00:00;Annual;Kilometre;Total;Czechia;2022;15272.0;;2024;10;30544.0;dużo;9.0
ESTAT:RAIL_IF_TRACKS(1.0);2024-10-24 23:00:00;Annual;Kilometre;Total;Croatia;2022;3928.0;;2024;10;7856.0;mało;17.0
ESTAT:RAIL_IF_TRACKS(1.0);2024-10-24 23:00:00;Annual;Kilometre;Total;Netherlands;2022;5187.0;;2024;10;10374.0;mało;14.0
ESTAT:RAIL_IF_TRACKS(1.0);2024-10-24 23:00:00;Annual;Kilometre;Total;Bosnia and Herzegovina;2022;1476.0;;2024;10;2952.0;mało;27.0
ESTAT:RAIL_IF_TRACKS(1.0);2024-10-24 23:00:00;Annual;Kilometre;Total;Belgium;2022;6308.0;;2024;10;12616.0;mało;13.0
ESTAT:RAIL_IF_TRACKS(1.0);2024-10-24 23:00:00;Annual;Kilometre;Total;Poland;2022;37786.0;;2024;10;75572.0;dużo;3.0
ESTAT:RAIL_IF_TRACKS(1.0);2024-10-24 23:00:00;Annual;Kilometre;Total;North Macedonia;2022;907.0;;2024;10;1814.0;mało;28.0
ESTAT:RAIL_IF_TRACKS(1.0);2024-10-24 23:00:00;Annual;Kilometre;Total;Montenegro;2022;327.7;;2024;10;655.4;mało;31.0
ESTAT:RAIL_IF_TRACKS(1.0);2024-10-24 23:00:00;Annual;Kilometre;Total;Portugal;2022;3225.111;;2024;10;6450.222;mało;19.0
ESTAT:RAIL_IF_TRACKS(1.0);2024-10-24 23:00:00;Annual;Kilometre;Total;Moldova;2022;1997.1;;2024;10;3994.2;mało;26.0
ESTAT:RAIL_IF_TRACKS(1.0);2024-10-24 23:00:00;Annual;Kilometre;Total;Bulgaria;2022;6446.0;s;2024;10;12892.0;mało;12.0
ESTAT:RAIL_IF_TRACKS(1.0);2024-10-24 23:00:00;Annual;Kilometre;Total;Latvia;2022;2213.0;;2024;10;4426.0;mało;23.0
ESTAT:RAIL_IF_TRACKS(1.0);2024-10-24 23:00:00;Annual;Kilometre;Total;Romania;2022;19629.0;;2024;10;39258.0;dużo;7.0
ESTAT:RAIL_IF_TRACKS(1.0);2024-10-24 23:00:00;Annual;Kilometre;Total;Luxembourg;2022;628.0;;2024;10;1256.0;mało;29.0
ESTAT:RAIL_IF_TRACKS(1.0);2024-10-24 23:00:00;Annual;Kilometre;Total;Lithuania;2022;3462.7;;2024;10;6925.4;mało;18.0
ESTAT:RAIL_IF_TRACKS(1.0);2024-10-24 23:00:00;Annual;Kilometre;Total;Serbia;2022;4995.0;;2024;10;9990.0;mało;15.0
ESTAT:RAIL_IF_TRACKS(1.0);2024-10-24 23:00:00;Annual;Kilometre;Total;Italy;2022;24560.0;;2024;10;49120.0;dużo;5.0
ESTAT:RAIL_IF_TRACKS(1.0);2024-10-24 23:00:00;Annual;Kilometre;Total;Ireland;2022;2426.0;;2024;10;4852.0;mało;21.0
ESTAT:RAIL_IF_TRACKS(1.0);2024-10-24 23:00:00;Annual;Kilometre;Total;Sweden;2022;15545.0;;2024;10;31090.0;dużo;8.0
ESTAT:RAIL_IF_TRACKS(1.0);2024-10-24 23:00:00;Annual;Kilometre;Total;Hungary;2022;11603.0;;2024;10;23206.0;dużo;10.0
ESTAT:RAIL_IF_TRACKS(1.0);2024-10-24 23:00:00;Annual;Kilometre;Total;Albania;2022;204.15;;2024;10;408.3;mało;32.0
ESTAT:RAIL_IF_TRACKS(1.0);2024-10-24 23:00:00;Annual;Kilometre;Total;Slovenia;2022;2169.0;;2024;10;4338.0;mało;24.0
ESTAT:RAIL_IF_TRACKS(1.0);2024-10-24 23:00:00;Annual;Kilometre;Total;Kosovo*;2022;440.0;;2024;10;880.0;mało;30.0
